city,code,plate_number,price,timestamp
abu-dhabi,18,7088,Price hidden,featured
abu-dhabi,20,10022,Call For Price,featured
dubai,b,6901,"AED 56,000",featured
dubai,o,2027,"AED 570,000",featured
fujairah,j,61,Call For Price,featured
dubai,i,1571,Price hidden,featured
fujairah,l,7777,"AED 369,000",featured
dubai,j,6969,"AED 650,000",16 seconds ago
dubai,aa,65020,"AED 8,500",1 minute ago
dubai,x,43242,"AED 7,500",1 minute ago
dubai,aa,66106,"AED 18,000",1 minute ago
dubai,o,91163,"AED 8,500",1 minute ago
dubai,aa,37027,"AED 8,500",1 minute ago
dubai,y,13110,"AED 14,000",1 minute ago
dubai,z,55105,"AED 15,000",1 minute ago
dubai,x,54353,"AED 7,000",1 minute ago
dubai,s,99409,"AED 8,500",1 minute ago
dubai,z,10811,"AED 18,000",1 minute ago
dubai,x,65606,"AED 12,000",1 minute ago
dubai,p,89100,"AED 16,000",1 minute ago
dubai,b,19818,"AED 12,000",1 minute ago
dubai,b,78020,"AED 8,500",1 minute ago
dubai,a,72765,"AED 10,000",1 minute ago
dubai,m,14101,"AED 15,000",1 minute ago
dubai,v,67867,"AED 15,000",1 minute ago
dubai,f,19809,"AED 10,000",1 minute ago
dubai,f,9149,"AED 32,000",1 minute ago
dubai,x,20822,"AED 8,500",1 minute ago
dubai,v,74800,"AED 15,000",1 minute ago
dubai,n,76677,"AED 45,500",9 minutes ago
dubai,p,19973,"AED 9,000",11 minutes ago
dubai,o,19956,"AED 9,000",11 minutes ago
dubai,b,90019,"AED 26,000",1 week ago
dubai,x,44324,"AED 8,500",18 hours ago
dubai,v,6861,Call For Price,1 week ago
abu-dhabi,15,8808,"AED 185,000",1 day ago
dubai,b,43,Call For Price,2 days ago
dubai,u,97897,"AED 9,500",4 days ago
dubai-classic,noc,27774,"AED 4,000",5 days ago
dubai,b,76514,"AED 19,000",1 week ago
dubai,q,79898,"AED 12,500",1 week ago
dubai,s,75775,Call For Price,1 week ago
dubai,x,64003,"AED 5,300",11 minutes ago
dubai,aa,15211,"AED 9,000",11 minutes ago
ras-al-khaimah,i,7711,"AED 85,000",13 minutes ago
dubai,e,77101,"AED 12,900",13 minutes ago
ajman,a,99339,Call For Price,14 minutes ago
ras-al-khaimah,m,555,Call For Price,14 minutes ago
ras-al-khaimah,z,2026,"AED 39,000",14 minutes ago
abu-dhabi,6,67479,"AED 6,000",17 minutes ago
ajman,k,124,Price hidden,20 minutes ago
ajman,k,252,Price hidden,20 minutes ago
umm-al-quwain,m,164,Price hidden,20 minutes ago
ajman,h,132,Price hidden,20 minutes ago
dubai,n,29559,"AED 6,200",25 minutes ago
dubai,dd,66264,"AED 3,900",25 minutes ago
dubai,d,33399,Call For Price,27 minutes ago
dubai,d,83338,Call For Price,28 minutes ago
abu-dhabi,6,1081,"AED 132,500",36 minutes ago
dubai,f,14128,"AED 2,900",37 minutes ago
dubai,v,80846,"AED 2,900",37 minutes ago
dubai,k,84805,"AED 2,900",37 minutes ago
dubai,v,8206,"AED 21,500",40 minutes ago
dubai,m,64661,"AED 6,500",41 minutes ago
dubai,z,74776,"AED 6,500",41 minutes ago
dubai,v,41446,"AED 6,500",41 minutes ago
dubai,t,58685,"AED 8,100",45 minutes ago
dubai,b,3529,"AED 33,000",54 minutes ago
abu-dhabi,1,16991,"AED 75,000",6 days ago
sharjah,3,2315,"AED 15,500",5 days ago
fujairah,i,188,"AED 215,000",1 week ago
dubai,d,98709,"AED 5,500",2 days ago
dubai,n,1138,"AED 39,500",4 days ago
dubai,z,84886,"AED 5,500",1 week ago
dubai,v,70066,"AED 21,500",3 days ago
sharjah,3,68088,"AED 11,000",5 days ago
abu-dhabi,13,1211,"AED 215,000",5 days ago
dubai,u,18871,"AED 7,000",58 minutes ago
dubai,k,18871,"AED 7,000",58 minutes ago
dubai,h,49249,"AED 8,500",59 minutes ago
dubai,m,46333,"AED 27,000",59 minutes ago
dubai,n,3798,"AED 21,900",59 minutes ago
dubai,w,10411,"AED 11,900",59 minutes ago
dubai,v,11446,"AED 12,000",59 minutes ago
dubai,w,65355,"AED 5,000",59 minutes ago
dubai,h,46333,AED 250,59 minutes ago
dubai,n,8998,AED 1,59 minutes ago
dubai,u,7787,"AED 130,000",59 minutes ago
dubai,f,46333,"AED 26,000",59 minutes ago
dubai,f,87488,"AED 5,500",59 minutes ago
dubai,z,43833,"AED 4,500",59 minutes ago
dubai,o,11410,"AED 11,900",59 minutes ago
ajman,k,66090,"AED 12,000",59 minutes ago
sharjah,3,63300,"AED 18,000",1 hour ago
sharjah,3,53300,"AED 17,500",1 hour ago
sharjah,3,43300,"AED 18,500",1 hour ago
dubai,v,10210,"AED 34,500",1 hour ago
dubai,u,5600,"AED 120,000",1 hour ago
dubai,t,5515,"AED 120,000",1 hour ago
dubai,e,30000,"AED 700,000",1 hour ago
dubai,b,12944,"AED 31,500",1 hour ago
abu-dhabi,13,11119,"AED 190,000",1 hour ago
dubai,o,21512,"AED 15,000",1 hour ago
dubai,bb,46494,"AED 8,000",1 hour ago
dubai,u,61091,"AED 6,000",1 hour ago
dubai,f,9944,"AED 160,000",1 day ago
dubai,e,1998,"AED 360,000",2 days ago
dubai,e,688,"AED 850,000",1 week ago
fujairah,m,75575,"AED 19,000",3 days ago
dubai,n,45611,Call For Price,1 week ago
dubai,f,56333,"AED 25,000",17 hours ago
ras-al-khaimah,b,1114,"AED 80,000",6 days ago
ras-al-khaimah,n,5508,"AED 12,900",1 week ago
ajman,e,884,"AED 149,000",3 days ago
dubai,z,66564,"AED 8,000",6 days ago
dubai,v,46164,"AED 12,000",1 hour ago
dubai,bb,46494,"AED 8,000",1 hour ago
dubai,p,71071,"AED 52,000",1 hour ago
dubai,u,61900,"AED 17,000",1 hour ago
dubai,u,7810,"AED 36,000",1 hour ago
dubai,o,21512,"AED 15,000",1 hour ago
dubai,b,65009,"AED 15,000",1 hour ago
dubai,v,8140,"AED 36,000",1 hour ago
dubai,t,61239,"AED 6,000",1 hour ago
dubai,w,26290,"AED 4,500",1 hour ago
dubai,v,16699,"AED 27,000",1 hour ago
dubai,v,14422,"AED 15,000",1 hour ago
dubai,u,61091,"AED 6,000",1 hour ago
dubai,c,11022,"AED 52,000",1 hour ago
dubai,l,21041,"AED 6,000",1 hour ago
dubai,v,37173,"AED 12,000",1 hour ago
dubai,n,68689,"AED 18,000",1 hour ago
dubai,aa,81091,"AED 14,000",1 hour ago
ras-al-khaimah,b,3663,"AED 55,000",1 hour ago
ras-al-khaimah,v,11122,"AED 55,000",1 hour ago
ras-al-khaimah,m,1119,"AED 75,000",1 hour ago
ras-al-khaimah,z,99911,"AED 45,000",1 hour ago
ras-al-khaimah,c,1116,"AED 75,000",1 hour ago
ras-al-khaimah,m,8668,"AED 55,000",1 hour ago
ras-al-khaimah,n,40004,"AED 85,000",1 hour ago
ras-al-khaimah,y,1026,"AED 12,000",1 hour ago
ras-al-khaimah,v,11177,"AED 55,000",1 hour ago
ras-al-khaimah,s,77888,"AED 45,000",1 hour ago
umm-al-quwain,m,5000,Price hidden,1 hour ago
fujairah,m,75575,"AED 19,000",3 days ago
sharjah,3,99088,"AED 17,000",1 week ago
dubai,q,85040,Call For Price,1 week ago
dubai,v,15859,"AED 2,700",2 days ago
ajman,k,9390,"AED 14,900",1 week ago
ras-al-khaimah,b,8,"AED 53,000",1 week ago
dubai,k,9562,Call For Price,1 week ago
dubai,s,93293,"AED 9,900",1 week ago
sharjah,3,68600,"AED 13,000",5 days ago
ajman,e,249,Price hidden,4 days ago
ras-al-khaimah,m,791,Call For Price,1 hour ago
sharjah,3,66966,"AED 89,000",1 hour ago
sharjah,3,77011,"AED 18,000",1 hour ago
sharjah,3,70807,"AED 18,000",1 hour ago
dubai,v,81018,"AED 39,000",1 hour ago
fujairah,s,609,"AED 195,000",1 hour ago
ras-al-khaimah,z,60009,"AED 65,000",1 hour ago
umm-al-quwain,e,41110,"AED 18,000",1 hour ago
dubai,e,87078,"AED 27,000",1 hour ago
dubai,g,36363,Call For Price,1 hour ago
dubai,v,18821,"AED 7,500",1 hour ago
dubai,v,7043,"AED 25,900",1 hour ago
dubai,h,44459,"AED 25,900",1 hour ago
dubai,h,44436,"AED 25,900",1 hour ago
ras-al-khaimah,m,90010,"AED 16,000",1 hour ago
dubai,d,11531,"AED 11,500",1 hour ago
dubai,u,56650,"AED 9,500",1 hour ago
ajman,h,90100,"AED 10,850",1 hour ago
ras-al-khaimah,c,50800,"AED 9,999",1 hour ago
abu-dhabi,1,23100,"AED 75,000",1 hour ago
abu-dhabi,18,77118,"AED 53,500",1 hour ago
abu-dhabi,10,10900,"AED 79,500",1 hour ago
abu-dhabi,17,44474,"AED 118,500",1 hour ago
abu-dhabi,16,16169,"AED 85,000",1 hour ago
abu-dhabi,6,13,"AED 880,000",1 hour ago
abu-dhabi,10,33310,"AED 95,000",1 hour ago
abu-dhabi,1,21002,"AED 79,500",1 hour ago
abu-dhabi,2,1031,"AED 150,000",1 hour ago
abu-dhabi,10,499,"AED 870,000",1 hour ago
dubai,r,6699,"AED 300,000",1 day ago
abu-dhabi,50,1700,"AED 220,000",3 days ago
sharjah,4,9991,"AED 130,000",4 days ago
dubai,q,85040,"AED 5,300",1 week ago
sharjah,3,77008,Call For Price,1 week ago
umm-al-quwain,f,9180,"AED 15,500",8 hours ago
dubai,o,66996,"AED 63,000",6 days ago
sharjah,3,53000,"AED 180,000",1 week ago
fujairah,e,300,"AED 360,000",1 week ago
abu-dhabi,50,4435,"AED 119,500",1 hour ago
abu-dhabi,2,1031,"AED 150,000",1 hour ago
abu-dhabi,6,22200,"AED 165,000",1 hour ago
abu-dhabi,5,43434,"AED 165,000",1 hour ago
abu-dhabi,1,85858,"AED 189,000",1 hour ago
abu-dhabi,18,9991,"AED 208,000",1 hour ago
abu-dhabi,20,11119,"AED 210,000",1 hour ago
abu-dhabi,16,9900,"AED 250,000",1 hour ago
abu-dhabi,11,10111,"AED 295,000",1 hour ago
abu-dhabi,10,499,"AED 870,000",1 hour ago
abu-dhabi,6,13,"AED 880,000",1 hour ago
dubai,bb,91272,"AED 2,100",1 hour ago
dubai,r,47559,"AED 2,200",1 hour ago
dubai,l,66405,"AED 2,200",1 hour ago
dubai,y,67112,"AED 2,800",1 hour ago
dubai,m,31225,Price hidden,1 hour ago
dubai,t,41154,"AED 5,500",1 hour ago
dubai,c,28005,"AED 8,000",1 hour ago
dubai,n,7165,Call For Price,1 hour ago
ras-al-khaimah,v,99029,"AED 4,000",1 hour ago
ras-al-khaimah,y,99029,"AED 4,000",1 hour ago
dubai,b,296,"AED 35,000",1 hour ago
dubai,v,10066,"AED 28,000",1 hour ago
dubai,v,10044,"AED 28,000",1 hour ago
dubai,c,6381,"AED 35,000",1 hour ago
dubai,r,9878,"AED 48,000",1 hour ago
dubai,a,30444,"AED 65,000",1 hour ago
dubai,s,10210,"AED 45,000",1 hour ago
dubai,p,21412,"AED 17,000",1 hour ago
dubai,o,84005,"AED 6,500",1 hour ago
dubai,p,68003,"AED 7,500",1 hour ago
dubai,r,20067,"AED 10,000",1 hour ago
sharjah,3,45445,"AED 32,500",4 days ago
dubai,p,55506,"AED 30,000",1 week ago
dubai,w,54312,"AED 7,000",1 week ago
sharjah,3,19110,"AED 17,000",5 days ago
dubai,p,76607,"AED 6,999",1 day ago
dubai,u,61966,"AED 15,000",1 day ago
dubai,j,76776,"AED 39,500",2 days ago
sharjah,3,3150,"AED 17,500",5 days ago
abu-dhabi,17,60999,"AED 69,500",2 days ago
sharjah,3,8378,"AED 18,500",1 week ago
dubai,u,18282,"AED 14,000",1 hour ago
dubai,l,13636,"AED 14,000",1 hour ago
dubai,m,56200,"AED 15,000",1 hour ago
dubai,u,30210,"AED 12,500",1 hour ago
dubai,v,63003,"AED 28,000",1 hour ago
dubai,e,19219,"AED 10,000",1 hour ago
dubai,s,81981,"AED 12,000",1 hour ago
dubai,g,30210,"AED 12,500",1 hour ago
dubai,p,63003,"AED 25,000",1 hour ago
dubai,k,44401,"AED 35,000",1 hour ago
dubai,x,108,Call For Price,1 hour ago
dubai,q,2550,"AED 40,000",1 hour ago
dubai,s,76677,"AED 45,000",1 hour ago
dubai,r,76677,"AED 45,000",1 hour ago
ras-al-khaimah,y,99911,"AED 49,500",1 hour ago
dubai,r,7060,"AED 79,000",1 hour ago
dubai,a,4891,"AED 65,000",1 hour ago
dubai,o,1434,"AED 39,500",1 hour ago
dubai,o,1731,"AED 39,500",1 hour ago
dubai,u,5101,"AED 55,000",1 hour ago
dubai,m,1851,"AED 65,000",1 hour ago
dubai,v,8511,"AED 39,500",1 hour ago
dubai,v,9717,"AED 45,000",1 hour ago
dubai,l,1069,"AED 45,000",1 hour ago
dubai,e,1069,"AED 55,000",1 hour ago
dubai,x,97883,"AED 2,500",1 hour ago
dubai,h,56666,Call For Price,1 hour ago
dubai,h,45555,Call For Price,1 hour ago
dubai,g,34444,Call For Price,1 hour ago
dubai,r,35555,Call For Price,2 hours ago
fujairah,e,603,Call For Price,2 hours ago
dubai,r,40744,"AED 7,500",4 days ago
fujairah,g,63063,Price hidden,1 week ago
dubai,f,9944,"AED 160,000",1 day ago
ajman,b,1681,"AED 10,000",1 week ago
dubai,h,2558,"AED 35,000",1 week ago
dubai,f,56333,"AED 25,000",17 hours ago
dubai,k,4864,"AED 35,000",1 week ago
sharjah,3,7717,"AED 120,000",5 days ago
abu-dhabi,5,1561,"AED 129,500",2 hours ago
dubai,a,94142,"AED 10,000",2 hours ago
ras-al-khaimah,z,77177,"AED 69,900",2 hours ago
dubai,l,93393,Call For Price,2 hours ago
dubai,k,92292,Call For Price,2 hours ago
dubai,c,89999,Call For Price,2 hours ago
dubai,h,99899,Call For Price,2 hours ago
dubai,u,22646,"AED 5,500",2 hours ago
dubai,h,94922,"AED 5,999",2 hours ago
umm-al-quwain,j,7117,"AED 55,000",2 hours ago
fujairah,d,8877,"AED 75,000",2 hours ago
dubai,n,76022,"AED 3,600",2 hours ago
dubai,z,24550,"AED 3,620",2 hours ago
dubai,b,65460,"AED 6,420",2 hours ago
fujairah,d,1117,"AED 75,000",2 hours ago
ras-al-khaimah,z,2200,"AED 95,000",2 hours ago
fujairah,i,201,"AED 138,000",2 hours ago
fujairah,b,673,"AED 120,000",2 hours ago
dubai,c,90595,"AED 5,900",2 hours ago
dubai,m,61005,"AED 8,500",2 hours ago
dubai,z,90339,"AED 7,500",2 hours ago
dubai,p,77664,"AED 9,500",2 hours ago
dubai,g,83080,"AED 5,900",2 hours ago
dubai,c,20870,"AED 5,000",2 hours ago
dubai,s,11616,"AED 55,000",2 hours ago
dubai,h,10019,"AED 25,000",2 hours ago
dubai,r,12349,"AED 27,500",2 hours ago
dubai,y,26296,"AED 3,500",2 hours ago
dubai,m,37327,"AED 4,500",2 hours ago
dubai,m,82892,"AED 4,500",2 hours ago
dubai,b,82484,"AED 5,500",2 hours ago
dubai,l,54111,"AED 30,000",2 hours ago
sharjah,3,9499,"AED 95,000",5 days ago
ras-al-khaimah,v,21120,"AED 6,900",1 week ago
dubai,m,82955,"AED 2,500",1 week ago
dubai,dd,74062,Price hidden,4 days ago
dubai,b,23442,"AED 12,000",1 week ago
sharjah,3,3831,"AED 38,000",1 week ago
dubai,n,63633,"AED 41,000",1 week ago
dubai,p,55488,"AED 9,500",2 hours ago
dubai,g,96990,Price hidden,2 hours ago
dubai,a,22494,"AED 15,000",2 hours ago
dubai,c,22511,"AED 16,500",2 hours ago
dubai,t,56611,"AED 10,000",2 hours ago
dubai,o,56611,"AED 10,000",2 hours ago
dubai,k,12343,"AED 29,900",2 hours ago
fujairah,d,1188,"AED 55,000",2 hours ago
dubai,q,8493,"AED 19,900",2 hours ago
fujairah,m,500,"AED 475,000",2 hours ago
ras-al-khaimah,y,1500,"AED 75,000",2 hours ago
dubai,s,14141,Call For Price,2 hours ago
ras-al-khaimah,c,4404,"AED 55,000",2 hours ago
ajman,e,364,Call For Price,2 hours ago
dubai,k,1473,"AED 25,500",2 hours ago
dubai,g,1608,"AED 33,500",2 hours ago
dubai,x,94080,"AED 5,500",2 hours ago
dubai,k,3547,"AED 21,000",2 hours ago
dubai,j,8889,"AED 175,000",2 hours ago
dubai,b,9373,"AED 45,000",2 hours ago
dubai,j,3475,"AED 22,000",2 hours ago
dubai,v,6023,"AED 24,000",2 hours ago
dubai,k,7934,"AED 20,000",2 hours ago
dubai,q,32340,"AED 4,000",2 hours ago
dubai,r,1639,"AED 26,000",2 hours ago
dubai,g,9480,"AED 23,000",2 hours ago
umm-al-quwain,m,70600,"AED 15,000",4 days ago
sharjah,3,95900,"AED 13,000",5 days ago
dubai,a,24667,"AED 25,000",5 days ago
dubai,a,99228,"AED 35,000",2 days ago
dubai,e,17711,"AED 80,000",1 week ago
sharjah,3,45055,"AED 11,000",5 days ago
dubai,v,70066,"AED 21,500",3 days ago
dubai,a,67164,"AED 9,900",6 days ago
dubai,n,63633,"AED 41,000",1 week ago
sharjah,3,3150,"AED 17,500",5 days ago
dubai,v,51521,"AED 6,500",2 hours ago
dubai,a,11681,"AED 31,900",2 hours ago
dubai,g,16011,"AED 15,900",2 hours ago
dubai,p,15011,"AED 14,900",2 hours ago
dubai,s,11501,"AED 15,900",2 hours ago
dubai,bb,11631,"AED 14,900",2 hours ago
dubai,bb,15411,"AED 9,900",2 hours ago
dubai,bb,11621,"AED 8,900",2 hours ago
dubai,aa,86618,"AED 7,900",2 hours ago
dubai,o,42344,"AED 7,900",2 hours ago
dubai,aa,77574,"AED 6,900",2 hours ago
dubai,n,98891,"AED 10,500",2 hours ago
dubai,v,78871,"AED 10,500",2 hours ago
dubai,f,6952,"AED 23,500",3 hours ago
umm-al-quwain,i,215,"AED 109,000",3 hours ago
dubai,k,6328,"AED 21,000",3 hours ago
sharjah,4,6999,"AED 140,000",3 hours ago
sharjah,3,543,"AED 500,000",3 hours ago
dubai,l,67067,"AED 19,000",3 hours ago
dubai,m,66118,"AED 12,000",3 hours ago
dubai,m,36349,"AED 3,000",3 hours ago
umm-al-quwain,b,908,"AED 119,000",3 hours ago
dubai,v,56776,"AED 9,000",3 hours ago
dubai,u,24400,"AED 19,000",3 hours ago
dubai,v,23366,"AED 10,500",3 hours ago
dubai,d,2791,"AED 30,000",3 hours ago
dubai,a,58349,"AED 6,500",3 hours ago
dubai,f,488,Call For Price,3 hours ago
dubai,b,7898,Call For Price,3 hours ago
umm-al-quwain,n,11110,"AED 91,000",1 week ago
sharjah,4,12211,"AED 75,000",1 week ago
dubai,g,82228,"AED 115,000",2 days ago
dubai,j,8016,"AED 30,000",5 days ago
dubai,r,13318,"AED 10,000",1 week ago
fujairah,m,12121,Price hidden,2 days ago
dubai,r,6699,"AED 300,000",1 day ago
dubai,q,58008,"AED 22,500",6 days ago
umm-al-quwain,m,62625,"AED 10,000",1 week ago
dubai,w,87083,"AED 3,200",1 week ago
dubai,g,88449,"AED 10,700",3 hours ago
dubai,p,29239,"AED 3,700",3 hours ago
dubai,m,90083,"AED 8,000",3 hours ago
ajman,a,4792,"AED 9,000",3 hours ago
dubai,a,66647,"AED 100,000",3 hours ago
dubai,c,97722,"AED 20,000",3 hours ago
dubai,c,88553,"AED 20,000",3 hours ago
dubai,m,99335,"AED 20,000",3 hours ago
dubai,m,99775,"AED 20,000",3 hours ago
dubai,s,22733,"AED 20,000",3 hours ago
dubai,i,88225,"AED 16,000",3 hours ago
dubai,f,55883,"AED 16,000",3 hours ago
dubai,f,33552,"AED 16,000",3 hours ago
dubai,g,44611,"AED 16,000",3 hours ago
dubai,g,77994,"AED 16,000",3 hours ago
dubai,r,33499,"AED 14,000",3 hours ago
dubai,k,93388,"AED 14,000",3 hours ago
dubai,k,97744,"AED 14,000",3 hours ago
dubai,n,29933,"AED 14,000",3 hours ago
dubai,j,29933,"AED 14,000",3 hours ago
dubai,o,38855,"AED 14,000",3 hours ago
dubai,l,64477,"AED 14,000",3 hours ago
dubai,l,44997,"AED 14,000",3 hours ago
dubai,p,59944,"AED 14,000",3 hours ago
umm-al-quwain,c,30040,"AED 12,000",3 hours ago
dubai,v,43834,Price hidden,3 hours ago
dubai,u,39355,"AED 4,500",3 hours ago
dubai,k,24229,"AED 4,500",3 hours ago
dubai,h,99224,"AED 16,000",3 hours ago
dubai,c,24449,"AED 30,000",3 hours ago
dubai,c,46662,"AED 30,000",3 hours ago
dubai,n,88830,"AED 30,000",3 hours ago
dubai,g,76567,"AED 25,000",3 days ago
dubai,f,56333,"AED 25,000",17 hours ago
dubai,q,56195,"AED 7,800",4 days ago
dubai,u,1146,"AED 39,500",4 days ago
fujairah,e,7703,"AED 22,000",1 week ago
ajman,h,22220,"AED 50,000",5 days ago
ras-al-khaimah,n,1112,Call For Price,5 days ago
umm-al-quwain,c,11222,Price hidden,1 week ago
umm-al-quwain,j,77789,Call For Price,1 day ago
ajman,f,483,Price hidden,3 days ago
dubai,k,81114,"AED 32,000",3 hours ago
dubai,f,66344,"AED 16,000",3 hours ago
dubai,h,21166,"AED 16,000",3 hours ago
dubai,h,33799,"AED 16,000",3 hours ago
dubai,e,88449,"AED 16,000",3 hours ago
dubai,n,8751,"AED 24,000",3 hours ago
dubai,f,7528,"AED 24,000",3 hours ago
dubai,g,9752,"AED 24,000",3 hours ago
dubai,g,5917,"AED 24,000",3 hours ago
dubai,i,9425,"AED 24,000",3 hours ago
dubai,m,80046,"AED 7,000",3 hours ago
dubai,p,81166,"AED 14,000",3 hours ago
dubai,q,99722,"AED 14,000",3 hours ago
dubai,q,99885,"AED 14,000",3 hours ago
dubai,q,55699,"AED 14,000",3 hours ago
dubai,f,33449,"AED 16,000",3 hours ago
dubai,m,97744,"AED 20,000",3 hours ago
dubai,e,88445,"AED 16,000",3 hours ago
dubai,f,77533,"AED 16,000",3 hours ago
dubai,d,66221,"AED 18,000",3 hours ago
dubai,d,66722,"AED 18,000",3 hours ago
dubai,d,29966,"AED 18,000",3 hours ago
dubai,u,33992,"AED 14,000",3 hours ago
dubai,p,44388,"AED 14,000",3 hours ago
dubai,o,22998,"AED 14,000",3 hours ago
dubai,q,77499,"AED 14,000",3 hours ago
dubai,s,55288,"AED 16,000",3 hours ago
dubai,f,77422,"AED 16,000",3 hours ago
dubai,i,33228,"AED 16,000",3 hours ago
dubai,v,22933,"AED 16,000",3 hours ago
ras-al-khaimah,c,6310,Call For Price,3 hours ago
dubai,u,80869,"AED 3,800",3 hours ago
dubai,s,46402,"AED 4,800",6 days ago
dubai,n,16611,"AED 50,000",4 days ago
dubai,j,65546,"AED 5,500",5 days ago
umm-al-quwain,f,9180,"AED 15,500",8 hours ago
dubai,q,85040,Call For Price,1 week ago
ajman,d,15050,"AED 10,000",3 days ago
abu-dhabi,50,9509,Call For Price,1 week ago
umm-al-quwain,i,11223,"AED 11,000",1 week ago
fujairah,h,234,"AED 200,000",1 week ago
fujairah,m,12121,"AED 45,000",2 days ago
dubai,n,50410,"AED 4,500",3 hours ago
dubai,h,90986,"AED 4,500",3 hours ago
dubai,r,29332,"AED 5,500",3 hours ago
dubai,m,86883,"AED 6,500",3 hours ago
dubai,t,87009,"AED 6,500",3 hours ago
dubai,a,57543,"AED 15,000",3 hours ago
dubai,a,30231,"AED 17,900",3 hours ago
dubai,i,7064,"AED 22,500",3 hours ago
dubai,v,22786,Call For Price,3 hours ago
dubai,v,78622,Call For Price,3 hours ago
dubai,g,23451,Call For Price,3 hours ago
dubai,w,82188,"AED 6,200",3 hours ago
dubai,k,8609,"AED 23,000",3 hours ago
dubai,v,9053,"AED 21,000",3 hours ago
dubai,w,70280,"AED 3,700",3 hours ago
dubai,v,63736,"AED 10,000",3 hours ago
dubai,j,88211,"AED 9,500",3 hours ago
dubai,b,42582,"AED 2,500",3 hours ago
dubai,b,69031,"AED 2,700",3 hours ago
dubai,a,27045,"AED 7,900",3 hours ago
umm-al-quwain,i,1700,"AED 44,900",3 hours ago
dubai,r,19929,Call For Price,3 hours ago
dubai,e,19852,Call For Price,3 hours ago
dubai,w,19946,Call For Price,3 hours ago
dubai,d,19936,Call For Price,3 hours ago
dubai,s,4154,"AED 34,000",3 hours ago
dubai,d,14171,"AED 11,000",3 hours ago
dubai,y,34056,"AED 7,500",3 hours ago
ajman,f,56656,"AED 17,500",3 hours ago
ajman,h,18188,"AED 14,000",3 hours ago
dubai,o,12353,Call For Price,3 hours ago
dubai,z,16606,Call For Price,3 hours ago
dubai,n,5165,"AED 35,500",1 week ago
dubai,g,11226,"AED 16,000",2 days ago
dubai,m,4099,"AED 59,500",1 week ago
sharjah,3,81880,"AED 15,000",1 week ago
dubai,b,90019,"AED 26,000",1 week ago
ras-al-khaimah,i,5678,"AED 49,900",3 days ago
sharjah,3,87780,Call For Price,1 week ago
ajman,b,1681,"AED 10,000",1 week ago
umm-al-quwain,x,69911,"AED 17,000",1 week ago
ajman,c,38883,"AED 28,000",1 week ago
dubai,s,80444,Call For Price,3 hours ago
dubai,r,80444,Call For Price,3 hours ago
dubai,v,70555,Call For Price,3 hours ago
dubai,v,55022,Call For Price,3 hours ago
dubai,v,16160,Call For Price,3 hours ago
dubai,v,13130,Call For Price,3 hours ago
dubai,v,13030,Call For Price,3 hours ago
dubai,v,11234,Call For Price,3 hours ago
dubai,v,1400,Call For Price,3 hours ago
ajman,c,9264,"AED 6,500",3 hours ago
ajman,c,8637,"AED 6,500",3 hours ago
ajman,c,6537,"AED 6,500",3 hours ago
ajman,c,5829,"AED 6,500",3 hours ago
ajman,c,2864,"AED 6,500",3 hours ago
ajman,b,4906,"AED 7,900",3 hours ago
ajman,c,9525,"AED 8,900",3 hours ago
ajman,d,3683,"AED 8,900",3 hours ago
ajman,c,3723,"AED 8,900",3 hours ago
dubai,d,33873,"AED 7,500",4 hours ago
dubai,v,22002,"AED 72,000",4 hours ago
ajman,h,1283,"AED 9,900",4 hours ago
ajman,h,1903,"AED 13,900",4 hours ago
ajman,c,1560,"AED 12,900",4 hours ago
ajman,k,7025,"AED 9,900",4 hours ago
ajman,a,6479,"AED 8,900",4 hours ago
ajman,a,6895,"AED 8,900",4 hours ago
dubai,x,60663,"AED 14,000",4 hours ago
dubai,b,7,"AED 575,000",4 hours ago
dubai-classic,noc,1054,Call For Price,4 hours ago
ras-al-khaimah,c,7375,"AED 14,500",4 hours ago
dubai,p,98789,"AED 21,500",4 hours ago
dubai,j,66504,"AED 3,200",4 hours ago
dubai,k,4869,Call For Price,1 week ago
dubai,q,88787,"AED 40,000",1 week ago
ajman,f,56656,"AED 17,500",3 hours ago
ras-al-khaimah,m,2271,Price hidden,3 days ago
abu-dhabi,13,1211,"AED 215,000",5 days ago
dubai,e,66785,"AED 10,000",6 hours ago
fujairah,b,1313,"AED 70,000",1 week ago
dubai,s,48849,"AED 8,900",4 days ago
dubai,h,77707,"AED 235,000",6 days ago
dubai,j,8016,"AED 30,000",5 days ago
dubai,b,99589,"AED 11,000",4 hours ago
dubai,g,61221,"AED 8,000",4 hours ago
dubai,r,45699,"AED 5,000",4 hours ago
dubai,f,33631,"AED 9,000",4 hours ago
dubai,a,66824,"AED 10,000",4 hours ago
dubai,f,54113,"AED 5,000",4 hours ago
dubai,e,4533,"AED 38,000",4 hours ago
dubai,e,3930,"AED 36,000",4 hours ago
dubai,aa,83033,"AED 15,000",4 hours ago
dubai,g,1967,"AED 100,000",4 hours ago
dubai,v,11330,"AED 20,000",4 hours ago
dubai,d,10212,"AED 25,000",4 hours ago
dubai,m,99116,"AED 22,000",4 hours ago
dubai,l,41040,"AED 9,000",4 hours ago
dubai,h,10035,"AED 12,000",4 hours ago
dubai,y,10760,"AED 5,500",4 hours ago
dubai,j,20026,"AED 20,000",4 hours ago
dubai,s,90494,"AED 9,000",4 hours ago
dubai,x,34303,"AED 12,000",4 hours ago
dubai,a,81161,"AED 26,000",4 hours ago
dubai,u,33404,"AED 8,000",4 hours ago
dubai,bb,60043,"AED 7,500",4 hours ago
dubai,e,69600,"AED 28,000",4 hours ago
dubai,v,41800,"AED 13,000",4 hours ago
dubai,aa,56757,"AED 12,000",4 hours ago
dubai,o,43221,"AED 20,000",4 hours ago
dubai,z,34323,"AED 10,000",4 hours ago
dubai,aa,11215,"AED 14,000",4 hours ago
dubai,x,61767,"AED 6,000",4 hours ago
dubai,v,11122,"AED 139,000",4 hours ago
dubai,r,66166,"AED 149,000",4 hours ago
dubai,r,8096,"AED 27,500",4 hours ago
dubai,v,70066,"AED 21,500",3 days ago
dubai,v,11533,"AED 13,400",1 week ago
sharjah,3,81880,"AED 15,000",1 week ago
umm-al-quwain,x,38383,"AED 19,500",4 days ago
dubai,k,1474,"AED 45,000",1 day ago
sharjah,3,99088,"AED 17,000",5 days ago
dubai,h,8695,"AED 25,000",4 days ago
dubai,j,45645,"AED 8,200",9 hours ago
dubai,x,66103,"AED 2,700",1 week ago
dubai,v,21233,"AED 15,000",4 hours ago
dubai,k,22324,"AED 11,000",4 hours ago
dubai,a,33839,"AED 23,000",4 hours ago
dubai,j,18070,"AED 6,000",4 hours ago
dubai,o,16544,"AED 5,000",4 hours ago
dubai,s,3014,"AED 33,000",4 hours ago
dubai,i,6943,"AED 25,000",4 hours ago
dubai,u,8905,"AED 25,000",4 hours ago
dubai,i,8352,"AED 22,000",4 hours ago
dubai,i,6805,"AED 25,000",4 hours ago
dubai,f,25300,"AED 10,000",4 hours ago
dubai,v,25300,"AED 10,000",4 hours ago
dubai,o,25300,"AED 10,000",4 hours ago
dubai,c,25300,"AED 12,000",4 hours ago
dubai,q,103,Call For Price,4 hours ago
dubai,x,70707,Call For Price,4 hours ago
dubai,y,50505,Call For Price,4 hours ago
dubai,h,50505,"AED 295,000",4 hours ago
dubai,a,2922,"AED 285,000",4 hours ago
dubai,b,1060,"AED 150,000",4 hours ago
dubai,k,7220,"AED 39,000",4 hours ago
dubai-classic,noc,44441,"AED 45,000",4 hours ago
dubai-classic,noc,66966,"AED 45,000",4 hours ago
dubai,u,14411,"AED 45,000",4 hours ago
dubai,aa,14009,"AED 13,000",4 hours ago
dubai,aa,11521,"AED 22,000",4 hours ago
dubai,aa,12005,"AED 30,000",4 hours ago
dubai,u,10005,"AED 130,000",4 hours ago
dubai,r,10004,"AED 135,000",4 hours ago
dubai,t,6966,"AED 135,000",2 days ago
umm-al-quwain,x,11311,Price hidden,1 week ago
sharjah,3,57222,Call For Price,5 days ago
dubai,f,11615,"AED 7,000",1 week ago
ras-al-khaimah,n,1112,Call For Price,5 days ago
dubai,s,93293,"AED 9,900",1 week ago
dubai,j,7100,"AED 162,000",1 day ago
dubai,r,22767,Call For Price,4 days ago
fujairah,m,12121,"AED 45,000",2 days ago
dubai,q,14411,"AED 45,000",4 hours ago
dubai,s,24422,"AED 40,000",4 hours ago
dubai,v,66868,"AED 40,000",4 hours ago
dubai,v,88686,"AED 40,000",4 hours ago
dubai,n,33443,"AED 40,000",4 hours ago
dubai,p,9929,"AED 350,000",4 hours ago
dubai,m,66966,"AED 165,000",4 hours ago
dubai,r,51555,Call For Price,4 hours ago
dubai,r,10004,"AED 135,000",4 hours ago
dubai,u,10005,"AED 130,000",4 hours ago
dubai,aa,12005,"AED 30,000",4 hours ago
dubai,aa,11521,"AED 22,000",4 hours ago
dubai,aa,14009,"AED 13,000",4 hours ago
dubai,t,11663,"AED 13,500",4 hours ago
dubai,u,19219,"AED 10,000",4 hours ago
dubai,t,21412,"AED 17,000",4 hours ago
dubai,t,66311,"AED 12,500",4 hours ago
dubai,v,66311,"AED 12,500",4 hours ago
dubai,u,11663,"AED 13,500",4 hours ago
dubai,s,55811,"AED 12,500",4 hours ago
dubai,u,68681,"AED 12,500",4 hours ago
dubai,u,58581,"AED 12,500",4 hours ago
dubai,v,58581,"AED 12,500",4 hours ago
dubai,v,59591,"AED 12,500",4 hours ago
dubai,v,62621,"AED 12,500",4 hours ago
dubai,f,68003,"AED 7,500",4 hours ago
dubai,v,9603,"AED 28,500",4 hours ago
dubai,z,21707,"AED 3,100",4 hours ago
dubai,aa,45637,"AED 5,500",4 hours ago
dubai,u,31231,"AED 14,500",4 hours ago
dubai,u,60330,"AED 14,500",4 hours ago
dubai,v,99022,"AED 19,500",4 hours ago
dubai,v,70066,"AED 21,500",3 days ago
dubai,w,37381,"AED 5,500",3 days ago
fujairah,c,1119,"AED 69,000",1 week ago
dubai,p,9631,"AED 32,000",8 hours ago
umm-al-quwain,b,98777,Call For Price,1 day ago
dubai,i,97039,"AED 3,500",6 days ago
sharjah,3,7717,"AED 120,000",5 days ago
dubai,g,71116,"AED 95,000",5 hours ago
umm-al-quwain,c,11222,Price hidden,1 week ago
dubai,m,99022,"AED 21,500",4 hours ago
dubai,d,83038,"AED 25,500",4 hours ago
dubai,v,6932,"AED 24,500",4 hours ago
dubai,v,6329,"AED 24,500",4 hours ago
dubai,v,6084,"AED 26,500",4 hours ago
dubai,v,6082,"AED 26,500",4 hours ago
dubai,v,7046,"AED 26,500",4 hours ago
dubai,v,6308,"AED 26,500",4 hours ago
dubai,v,6307,"AED 26,500",4 hours ago
dubai,v,6304,"AED 26,500",4 hours ago
dubai,v,2046,"AED 36,500",4 hours ago
dubai,c,5086,"AED 41,000",4 hours ago
dubai,i,4647,"AED 45,000",4 hours ago
dubai,g,9001,"AED 120,000",4 hours ago
fujairah,e,69,Price hidden,4 hours ago
dubai,h,30280,"AED 5,000",5 hours ago
dubai,m,36080,"AED 7,000",5 hours ago
dubai,l,7153,"AED 21,000",5 hours ago
dubai,l,6819,"AED 21,000",5 hours ago
dubai,k,4283,"AED 21,000",5 hours ago
dubai,q,4659,"AED 21,000",5 hours ago
dubai,k,9354,"AED 21,000",5 hours ago
dubai,q,9534,"AED 21,000",5 hours ago
dubai,o,6148,"AED 21,000",5 hours ago
dubai,l,9164,"AED 21,000",5 hours ago
umm-al-quwain,x,77788,"AED 35,000",5 hours ago
fujairah,b,18181,"AED 45,000",5 hours ago
ajman,k,11101,"AED 75,000",5 hours ago
fujairah,b,2025,"AED 55,000",5 hours ago
ras-al-khaimah,x,11010,"AED 75,000",5 hours ago
ras-al-khaimah,z,11010,"AED 75,000",5 hours ago
ras-al-khaimah,z,22200,"AED 75,000",5 hours ago
dubai,o,71971,"AED 8,000",1 week ago
ajman,c,7289,"AED 7,000",2 days ago
ras-al-khaimah,x,5000,"AED 235,000",5 days ago
umm-al-quwain,d,50001,"AED 30,000",3 days ago
fujairah,e,300,"AED 360,000",1 week ago
dubai,o,66996,"AED 63,000",6 days ago
dubai,l,6922,"AED 55,000",1 week ago
fujairah,g,63063,Price hidden,1 week ago
dubai,t,6966,"AED 135,000",2 days ago
ras-al-khaimah,b,5533,"AED 55,000",5 hours ago
ras-al-khaimah,m,8833,"AED 55,000",5 hours ago
dubai,y,60196,"AED 2,500",5 hours ago
ras-al-khaimah,b,9103,"AED 8,500",5 hours ago
ras-al-khaimah,b,7215,"AED 8,500",5 hours ago
ras-al-khaimah,m,24944,"AED 3,900",5 hours ago
dubai,k,66541,"AED 3,500",5 hours ago
ras-al-khaimah,b,8526,"AED 7,500",5 hours ago
dubai,i,52558,"AED 4,700",5 hours ago
dubai,g,58084,"AED 3,200",5 hours ago
dubai,cc,14164,"AED 3,500",5 hours ago
dubai,s,9704,"AED 24,500",5 hours ago
ras-al-khaimah,m,5882,"AED 14,900",5 hours ago
ras-al-khaimah,b,21011,"AED 6,500",5 hours ago
dubai,e,85989,"AED 4,200",5 hours ago
dubai,s,43491,"AED 3,000",5 hours ago
dubai,t,62688,"AED 6,500",5 hours ago
dubai,v,71510,"AED 2,900",5 hours ago
dubai,f,6298,"AED 21,500",5 hours ago
dubai,t,1424,"AED 45,000",5 hours ago
dubai,n,1424,"AED 45,000",5 hours ago
dubai,j,1752,"AED 28,900",5 hours ago
abu-dhabi,6,1819,Price hidden,5 hours ago
dubai,i,58505,"AED 9,500",5 hours ago
dubai,dd,54505,"AED 7,900",5 hours ago
dubai,dd,50445,"AED 7,900",5 hours ago
dubai,cc,56505,"AED 7,900",5 hours ago
dubai,w,10067,"AED 14,900",5 hours ago
dubai,h,85151,"AED 14,900",5 hours ago
dubai,j,15215,"AED 9,900",5 hours ago
dubai,u,7110,"AED 69,900",5 hours ago
dubai,m,61111,"AED 220,000",5 hours ago
abu-dhabi,20,77007,Call For Price,1 week ago
dubai,n,45611,Call For Price,1 week ago
ajman,a,43232,"AED 4,500",1 week ago
sharjah,3,2315,"AED 15,500",5 days ago
dubai,j,19111,"AED 200,000",1 week ago
dubai,s,93293,"AED 9,900",1 week ago
ras-al-khaimah,d,8090,"AED 27,000",7 hours ago
fujairah,e,7703,"AED 22,000",1 week ago
dubai,w,10377,"AED 4,600",1 week ago
dubai,s,46402,"AED 4,800",6 days ago
fujairah,a,33118,"AED 13,500",5 hours ago
dubai,i,13882,"AED 3,000",5 hours ago
dubai,z,12307,"AED 15,000",5 hours ago
dubai,t,63563,"AED 10,000",5 hours ago
dubai,c,46694,"AED 7,500",5 hours ago
dubai,c,11070,"AED 15,000",5 hours ago
dubai,c,11090,"AED 15,000",5 hours ago
dubai,a,64364,"AED 20,000",5 hours ago
dubai,a,13814,"AED 19,000",5 hours ago
dubai,a,13870,"AED 19,000",5 hours ago
dubai,a,13863,"AED 19,000",5 hours ago
dubai,a,12185,"AED 23,000",5 hours ago
dubai,b,50048,"AED 20,000",5 hours ago
dubai,b,122,"AED 30,000",5 hours ago
dubai,b,12024,"AED 33,000",5 hours ago
dubai,b,12,"AED 32,000",5 hours ago
dubai,b,13,"AED 30,000",5 hours ago
dubai,b,132,"AED 31,000",5 hours ago
dubai,l,50110,"AED 45,000",5 hours ago
dubai,a,13,"AED 40,000",5 hours ago
dubai,g,71116,"AED 95,000",5 hours ago
dubai,a,85813,Price hidden,5 hours ago
abu-dhabi,5,14144,"AED 92,500",5 hours ago
abu-dhabi,11,11919,Price hidden,5 hours ago
dubai,q,1866,"AED 40,000",5 hours ago
dubai,p,1866,"AED 40,000",5 hours ago
dubai,p,1336,"AED 40,000",5 hours ago
ras-al-khaimah,z,2334,"AED 26,500",5 hours ago
dubai,v,7063,"AED 24,900",5 hours ago
umm-al-quwain,d,1006,"AED 27,900",5 hours ago
umm-al-quwain,j,9085,"AED 14,900",5 hours ago
abu-dhabi,11,2060,"AED 139,000",4 days ago
dubai,o,66996,"AED 63,000",6 days ago
umm-al-quwain,x,38383,"AED 19,500",4 days ago
sharjah,3,71770,"AED 15,000",5 days ago
dubai,a,11416,"AED 29,000",4 days ago
ajman,a,975,"AED 190,000",2 days ago
dubai,d,5612,"AED 25,000",1 week ago
dubai,s,36633,"AED 45,000",5 days ago
dubai,b,23442,"AED 12,000",1 week ago
umm-al-quwain,b,5030,"AED 21,900",5 hours ago
umm-al-quwain,b,2100,"AED 37,900",5 hours ago
umm-al-quwain,l,1221,Call For Price,5 hours ago
dubai,c,22023,Call For Price,5 hours ago
dubai,i,99923,Call For Price,5 hours ago
sharjah,3,7445,"AED 24,900",5 hours ago
umm-al-quwain,f,7890,"AED 18,900",5 hours ago
dubai,aa,37339,"AED 8,500",5 hours ago
dubai,aa,38313,"AED 11,500",5 hours ago
dubai,x,40541,"AED 3,400",5 hours ago
dubai,w,34581,"AED 3,300",5 hours ago
dubai,s,16110,"AED 12,500",5 hours ago
dubai,o,75763,"AED 3,500",5 hours ago
dubai,a,34487,"AED 11,500",5 hours ago
dubai,a,24558,"AED 11,000",5 hours ago
dubai,a,69405,"AED 10,500",5 hours ago
dubai,b,95534,"AED 4,400",5 hours ago
dubai,c,66341,"AED 4,700",5 hours ago
dubai,d,54564,"AED 5,800",5 hours ago
dubai,e,51226,"AED 2,900",5 hours ago
dubai,f,35636,"AED 4,200",5 hours ago
dubai,f,56736,"AED 3,300",5 hours ago
dubai,g,83324,"AED 3,200",5 hours ago
dubai,j,55584,"AED 25,000",5 hours ago
dubai,j,81106,"AED 3,600",5 hours ago
dubai,o,11258,"AED 3,200",5 hours ago
dubai,q,77610,"AED 3,700",5 hours ago
dubai,q,86765,"AED 3,300",5 hours ago
dubai,s,33809,"AED 3,500",5 hours ago
dubai,s,61180,"AED 4,800",5 hours ago
dubai,v,18123,"AED 5,600",5 hours ago
dubai,v,18158,"AED 5,200",5 hours ago
abu-dhabi,13,13861,"AED 9,500",1 day ago
sharjah,3,4574,"AED 19,000",1 day ago
dubai,u,2400,"AED 145,000",1 week ago
fujairah,e,300,"AED 360,000",1 week ago
dubai,e,16751,"AED 3,900",1 week ago
abu-dhabi,5,57776,"AED 100,000",5 days ago
abu-dhabi,15,50205,"AED 55,000",1 week ago
dubai,d,21282,Call For Price,6 hours ago
umm-al-quwain,m,70600,"AED 15,000",4 days ago
fujairah,d,1313,"AED 60,000",1 week ago
dubai,a,34487,"AED 11,500",5 hours ago
ras-al-khaimah,x,800,"AED 580,000",5 hours ago
dubai,k,36404,"AED 4,000",5 hours ago
dubai,dd,53774,"AED 5,000",5 hours ago
dubai,t,50333,"AED 27,500",5 hours ago
dubai,p,50333,"AED 27,500",5 hours ago
dubai,q,50333,"AED 27,500",5 hours ago
dubai,u,50333,"AED 27,500",5 hours ago
dubai,o,50333,"AED 27,500",5 hours ago
dubai,o,48299,"AED 2,500",5 hours ago
dubai,d,21282,Call For Price,6 hours ago
dubai,g,47624,"AED 2,000",6 hours ago
dubai,z,83029,"AED 1,900",6 hours ago
dubai,p,86584,"AED 2,000",6 hours ago
dubai,bb,32213,"AED 6,500",6 hours ago
dubai,l,62563,"AED 2,200",6 hours ago
dubai,p,61541,"AED 2,700",6 hours ago
dubai,bb,92393,"AED 3,200",6 hours ago
dubai,m,85239,"AED 1,900",6 hours ago
dubai,t,27073,"AED 2,500",6 hours ago
dubai,aa,48283,"AED 2,500",6 hours ago
dubai,g,93801,"AED 1,900",6 hours ago
dubai,d,51464,Call For Price,6 hours ago
dubai,cc,18656,"AED 2,200",6 hours ago
dubai,l,6098,"AED 24,000",6 hours ago
dubai,bb,11781,"AED 7,500",6 hours ago
dubai,a,31021,"AED 19,500",6 hours ago
dubai,e,66785,"AED 10,000",6 hours ago
dubai,u,1262,"AED 45,000",6 hours ago
dubai,q,1262,"AED 45,000",6 hours ago
ras-al-khaimah,b,35151,"AED 9,000",23 hours ago
umm-al-quwain,x,11311,Price hidden,1 week ago
fujairah,c,2369,"AED 9,000",1 week ago
umm-al-quwain,f,6000,"AED 165,000",1 week ago
ras-al-khaimah,b,85085,Price hidden,1 week ago
ras-al-khaimah,k,214,"AED 200,000",6 days ago
umm-al-quwain,c,12121,"AED 33,000",2 days ago
abu-dhabi,6,88488,"AED 150,000",1 week ago
dubai,f,93005,"AED 7,000",1 week ago
dubai-classic,noc,90400,"AED 4,500",6 hours ago
dubai-classic,noc,80400,"AED 4,500",6 hours ago
dubai-classic,noc,80200,"AED 4,500",6 hours ago
dubai-classic,noc,60800,"AED 4,500",6 hours ago
dubai-classic,noc,60200,"AED 4,500",6 hours ago
dubai-classic,noc,50800,"AED 4,500",6 hours ago
dubai-classic,noc,50200,"AED 4,500",6 hours ago
dubai-classic,noc,40800,"AED 4,500",6 hours ago
dubai-classic,noc,40700,"AED 4,500",6 hours ago
dubai-classic,noc,40600,"AED 4,500",6 hours ago
dubai-classic,noc,30600,"AED 4,500",6 hours ago
dubai-classic,noc,30500,"AED 4,500",6 hours ago
dubai-classic,noc,20800,"AED 5,000",6 hours ago
dubai-classic,noc,20700,"AED 5,000",6 hours ago
dubai-classic,noc,20500,"AED 5,000",6 hours ago
dubai-classic,noc,23300,"AED 5,000",6 hours ago
dubai-classic,noc,20066,"AED 5,000",6 hours ago
dubai-classic,noc,20055,"AED 5,000",6 hours ago
dubai-classic,noc,20033,"AED 5,000",6 hours ago
dubai,u,77770,"AED 395,000",6 hours ago
dubai,l,121,"AED 1,150,000",6 hours ago
dubai,v,43734,"AED 10,000",6 hours ago
dubai,a,49474,"AED 16,000",6 hours ago
fujairah,i,45111,"AED 17,000",6 hours ago
dubai,t,12501,"AED 2,900",6 hours ago
dubai,z,62969,Price hidden,6 hours ago
ajman,a,97379,"AED 5,500",6 hours ago
ajman,a,1719,Call For Price,6 hours ago
abu-dhabi,10,3339,"AED 260,000",6 hours ago
abu-dhabi,2,28282,"AED 168,000",6 hours ago
ajman,b,4856,"AED 6,500",6 hours ago
dubai,a,11416,"AED 29,000",4 days ago
dubai,g,3516,Call For Price,1 week ago
ras-al-khaimah,b,8666,"AED 45,000",6 days ago
fujairah,a,6416,"AED 38,000",5 days ago
sharjah,3,99088,"AED 17,000",5 days ago
fujairah,b,225,"AED 175,000",1 week ago
dubai,o,71971,"AED 8,000",1 week ago
abu-dhabi,11,71661,"AED 49,000",1 day ago
fujairah,i,188,"AED 215,000",1 week ago
fujairah,r,1119,"AED 72,000",1 week ago
dubai,l,53358,"AED 5,500",6 hours ago
dubai,k,58115,"AED 5,500",6 hours ago
dubai,u,46636,"AED 5,500",6 hours ago
dubai,t,23662,"AED 4,500",6 hours ago
dubai,z,42284,"AED 3,900",6 hours ago
dubai,o,86622,"AED 14,000",6 hours ago
fujairah,d,4300,"AED 32,000",6 hours ago
fujairah,d,33330,"AED 58,000",6 hours ago
fujairah,i,36669,"AED 13,000",6 hours ago
abu-dhabi,6,811,Call For Price,6 hours ago
sharjah,3,6629,"AED 21,500",6 hours ago
dubai,o,38535,"AED 3,400",6 hours ago
dubai,u,45485,"AED 3,400",6 hours ago
dubai,n,29005,"AED 7,700",6 hours ago
dubai,m,21356,"AED 2,700",6 hours ago
dubai,v,69008,"AED 7,500",6 hours ago
dubai,q,51900,"AED 8,500",6 hours ago
dubai,z,31351,"AED 3,500",6 hours ago
dubai,c,28350,"AED 2,000",6 hours ago
dubai,b,68176,"AED 3,300",6 hours ago
dubai,b,48518,"AED 2,800",6 hours ago
dubai,b,46380,"AED 2,700",6 hours ago
dubai,c,20059,Call For Price,6 hours ago
dubai,x,61993,Call For Price,6 hours ago
dubai,g,81996,Call For Price,6 hours ago
dubai,r,81993,Call For Price,6 hours ago
dubai,f,21994,Call For Price,6 hours ago
dubai,b,31993,Call For Price,6 hours ago
dubai,v,50602,"AED 7,000",6 hours ago
dubai,dd,44146,"AED 4,800",6 hours ago
dubai,dd,44143,"AED 5,000",6 hours ago
dubai,w,33139,"AED 5,500",6 hours ago
dubai,q,1108,"AED 75,000",20 hours ago
dubai,v,6861,Call For Price,1 week ago
ajman,c,8065,"AED 12,500",1 week ago
ras-al-khaimah,m,2153,"AED 11,200",1 week ago
dubai,u,42472,"AED 4,499",6 days ago
ras-al-khaimah,b,35151,"AED 9,000",23 hours ago
umm-al-quwain,e,40401,"AED 13,000",1 week ago
dubai,i,80041,"AED 5,500",6 hours ago
dubai,z,40067,"AED 6,000",6 hours ago
dubai,o,50046,"AED 6,500",6 hours ago
abu-dhabi,5,66670,"AED 83,000",7 hours ago
dubai,m,6741,"AED 24,000",7 hours ago
dubai,m,4913,"AED 24,000",7 hours ago
abu-dhabi,11,11170,"AED 89,500",7 hours ago
dubai,q,41416,"AED 8,500",7 hours ago
dubai,m,30097,"AED 7,000",7 hours ago
dubai,n,31317,"AED 9,000",7 hours ago
dubai,d,57574,"AED 9,000",7 hours ago
dubai,r,91139,"AED 10,000",7 hours ago
dubai,f,55977,"AED 10,000",7 hours ago
dubai,q,60076,"AED 12,000",7 hours ago
dubai,l,70067,"AED 12,500",7 hours ago
dubai,s,2596,"AED 22,000",7 hours ago
dubai,s,7126,"AED 23,000",7 hours ago
dubai,m,9468,"AED 24,000",7 hours ago
dubai,m,9542,"AED 24,000",7 hours ago
dubai,s,5108,"AED 24,000",7 hours ago
dubai,m,7263,"AED 24,000",7 hours ago
dubai,i,7910,"AED 25,000",7 hours ago
dubai,m,37070,"AED 25,000",7 hours ago
dubai,m,60608,"AED 25,000",7 hours ago
dubai,a,5832,"AED 60,000",7 hours ago
dubai,v,1109,"AED 65,000",7 hours ago
dubai,f,1106,"AED 70,000",7 hours ago
dubai,q,9697,"AED 37,000",7 hours ago
dubai,a,4479,"AED 90,000",7 hours ago
dubai,n,9697,"AED 40,000",7 hours ago
dubai,k,5453,"AED 40,000",7 hours ago
dubai,l,9697,"AED 37,000",7 hours ago
umm-al-quwain,f,3330,"AED 50,000",1 week ago
sharjah,3,2065,"AED 22,500",1 day ago
dubai,t,82088,Price hidden,1 week ago
sharjah,3,2686,"AED 25,000",5 days ago
sharjah,3,8378,"AED 18,500",1 week ago
fujairah,h,234,"AED 200,000",1 week ago
dubai,dd,74062,Price hidden,4 days ago
dubai,z,51665,"AED 8,000",5 days ago
fujairah,c,98111,"AED 25,000",1 week ago
abu-dhabi,10,5446,"AED 128,500",1 day ago
dubai,l,1082,"AED 35,000",7 hours ago
dubai,u,1039,"AED 35,000",7 hours ago
dubai,j,1067,"AED 36,000",7 hours ago
dubai,o,1053,"AED 36,000",7 hours ago
dubai,k,1057,"AED 36,000",7 hours ago
dubai,n,1057,"AED 36,000",7 hours ago
dubai,k,1082,"AED 36,000",7 hours ago
dubai,n,1054,"AED 37,000",7 hours ago
dubai,j,9697,"AED 37,000",7 hours ago
dubai,q,9697,"AED 37,000",7 hours ago
dubai,l,9697,"AED 37,000",7 hours ago
dubai,k,5453,"AED 40,000",7 hours ago
dubai,n,9697,"AED 40,000",7 hours ago
dubai,a,4479,"AED 90,000",7 hours ago
ras-al-khaimah,v,14114,"AED 27,000",7 hours ago
ras-al-khaimah,d,14441,"AED 37,000",7 hours ago
ras-al-khaimah,n,88878,"AED 47,000",7 hours ago
ras-al-khaimah,v,88008,"AED 42,000",7 hours ago
abu-dhabi,19,1973,Call For Price,7 hours ago
fujairah,i,55050,"AED 23,500",7 hours ago
fujairah,b,38883,"AED 33,000",7 hours ago
fujairah,j,1981,"AED 25,000",7 hours ago
fujairah,e,35555,"AED 45,000",7 hours ago
fujairah,g,66663,"AED 49,000",7 hours ago
fujairah,b,59999,"AED 49,000",7 hours ago
fujairah,h,47000,"AED 60,000",7 hours ago
dubai,i,2496,"AED 21,500",7 hours ago
dubai,l,28848,"AED 4,000",7 hours ago
dubai,z,59454,"AED 2,900",7 hours ago
abu-dhabi,6,30008,"AED 120,000",7 hours ago
fujairah,e,688,"AED 150,000",1 week ago
dubai,b,76514,"AED 19,000",1 week ago
dubai,j,76776,"AED 39,500",2 days ago
dubai,n,63633,"AED 41,000",1 week ago
ajman,e,249,Price hidden,4 days ago
dubai,g,76567,"AED 25,000",3 days ago
dubai,w,87083,"AED 3,200",1 week ago
umm-al-quwain,f,3330,"AED 50,000",1 week ago
dubai,bb,29232,"AED 4,500",7 hours ago
umm-al-quwain,d,7770,"AED 55,000",7 hours ago
dubai,e,8102,"AED 26,500",7 hours ago
dubai,c,6180,"AED 32,000",7 hours ago
ras-al-khaimah,d,8090,"AED 27,000",7 hours ago
fujairah,d,80080,"AED 38,000",7 hours ago
fujairah,d,40040,"AED 38,000",7 hours ago
fujairah,g,40440,"AED 26,000",7 hours ago
fujairah,d,40440,"AED 26,000",7 hours ago
fujairah,r,40440,"AED 26,000",7 hours ago
fujairah,h,40440,"AED 26,000",7 hours ago
dubai,j,6500,Call For Price,7 hours ago
dubai,j,3400,Call For Price,7 hours ago
dubai,g,5700,Call For Price,7 hours ago
dubai,o,3435,Call For Price,7 hours ago
dubai,q,3020,Call For Price,7 hours ago
dubai,g,8030,Call For Price,7 hours ago
dubai,x,27670,"AED 3,500",8 hours ago
abu-dhabi,1,99968,Price hidden,8 hours ago
umm-al-quwain,x,80080,"AED 45,000",8 hours ago
umm-al-quwain,i,96969,"AED 35,000",8 hours ago
dubai,b,42824,"AED 25,000",8 hours ago
umm-al-quwain,x,96969,"AED 37,000",8 hours ago
ajman,h,6988,"AED 17,500",8 hours ago
umm-al-quwain,b,8123,"AED 23,000",8 hours ago
umm-al-quwain,m,1116,"AED 65,000",8 hours ago
umm-al-quwain,i,88181,"AED 17,000",8 hours ago
umm-al-quwain,n,80008,"AED 65,000",8 hours ago
umm-al-quwain,e,6600,"AED 75,000",8 hours ago
dubai,q,1108,"AED 75,000",20 hours ago
dubai,h,2000,"AED 1,200,000",6 days ago
ajman,d,9309,"AED 12,000",1 week ago
abu-dhabi,1,16991,"AED 75,000",1 week ago
ras-al-khaimah,c,30010,"AED 15,000",1 week ago
fujairah,b,1313,"AED 70,000",1 week ago
ajman,d,39996,"AED 12,500",1 week ago
sharjah,3,66624,"AED 16,500",5 days ago
dubai,a,40255,Call For Price,1 week ago
umm-al-quwain,b,555,"AED 450,000",6 days ago
umm-al-quwain,m,16000,"AED 75,000",8 hours ago
umm-al-quwain,m,96000,"AED 54,000",8 hours ago
umm-al-quwain,x,96000,"AED 55,000",8 hours ago
umm-al-quwain,f,88000,"AED 89,000",8 hours ago
umm-al-quwain,e,88000,"AED 90,500",8 hours ago
umm-al-quwain,b,6900,"AED 43,000",8 hours ago
sharjah,3,8054,"AED 16,000",8 hours ago
umm-al-quwain,i,5253,"AED 22,000",8 hours ago
dubai,v,98789,"AED 23,000",8 hours ago
dubai,t,54333,"AED 30,000",8 hours ago
dubai,i,29333,"AED 28,000",8 hours ago
dubai,v,454,"AED 950,000",8 hours ago
dubai,s,5415,"AED 44,000",8 hours ago
dubai,bb,89876,"AED 7,000",8 hours ago
dubai,aa,56735,"AED 4,500",8 hours ago
dubai,f,98449,"AED 4,500",8 hours ago
dubai,i,17710,"AED 25,000",8 hours ago
dubai,cc,20310,"AED 7,000",8 hours ago
dubai,aa,93048,"AED 1,800",8 hours ago
dubai,aa,53169,"AED 1,800",8 hours ago
dubai,aa,58310,"AED 1,800",8 hours ago
dubai,h,24053,"AED 1,990",8 hours ago
dubai,r,17346,Call For Price,8 hours ago
dubai,m,15874,"AED 1,990",8 hours ago
dubai,v,87371,"AED 1,990",8 hours ago
dubai,x,94811,"AED 2,200",8 hours ago
dubai,m,21096,"AED 2,400",8 hours ago
dubai,o,87180,"AED 2,400",8 hours ago
dubai,t,60710,"AED 4,200",8 hours ago
dubai,dd,11813,"AED 5,500",8 hours ago
dubai,g,80104,"AED 6,000",8 hours ago
dubai,aa,96090,"AED 15,000",8 hours ago
dubai,s,9898,"AED 215,000",1 week ago
fujairah,j,210,Price hidden,6 days ago
dubai,v,6861,Call For Price,1 week ago
dubai,r,19339,"AED 7,900",1 week ago
umm-al-quwain,i,8811,"AED 50,000",1 week ago
dubai,d,7774,"AED 299,999",1 day ago
fujairah,a,6416,"AED 38,000",5 days ago
dubai,p,52626,"AED 23,000",8 hours ago
dubai,i,7677,"AED 118,000",5 days ago
dubai,aa,40430,"AED 12,000",8 hours ago
dubai,aa,20310,"AED 9,000",8 hours ago
dubai,e,34012,"AED 3,500",8 hours ago
abu-dhabi,10,234,Call For Price,8 hours ago
abu-dhabi,11,31727,"AED 9,000",8 hours ago
umm-al-quwain,f,9180,"AED 15,500",8 hours ago
dubai,p,52626,"AED 23,000",8 hours ago
dubai,m,54003,"AED 10,500",8 hours ago
dubai,e,52800,"AED 10,500",8 hours ago
dubai,t,90063,"AED 10,500",8 hours ago
dubai,dd,73080,"AED 3,500",8 hours ago
dubai,cc,20311,"AED 4,500",8 hours ago
dubai,v,44099,"AED 19,500",8 hours ago
abu-dhabi,2,12002,Price hidden,8 hours ago
ras-al-khaimah,v,6877,"AED 18,500",8 hours ago
ras-al-khaimah,m,8398,"AED 12,999",8 hours ago
ras-al-khaimah,n,8398,"AED 12,999",8 hours ago
ras-al-khaimah,x,9095,"AED 18,000",8 hours ago
dubai,p,9631,"AED 32,000",8 hours ago
fujairah,g,8639,"AED 9,000",8 hours ago
fujairah,b,2879,"AED 9,000",8 hours ago
ajman,b,22744,Price hidden,9 hours ago
abu-dhabi,20,7222,"AED 220,000",9 hours ago
abu-dhabi,18,76540,"AED 40,000",9 hours ago
abu-dhabi,1,2704,"AED 115,000",9 hours ago
abu-dhabi,13,23111,"AED 69,500",9 hours ago
abu-dhabi,13,2311,Price hidden,9 hours ago
dubai,i,8989,Call For Price,9 hours ago
ajman,k,909,"AED 300,000",9 hours ago
ajman,k,330,"AED 300,000",9 hours ago
abu-dhabi,19,10110,"AED 130,000",9 hours ago
ajman,h,1013,"AED 20,000",9 hours ago
dubai,j,45111,"AED 36,500",1 week ago
dubai,o,57751,"AED 5,500",5 days ago
sharjah,3,12110,"AED 15,000",5 days ago
dubai,r,6699,"AED 300,000",1 day ago
dubai,f,11615,"AED 7,000",1 week ago
dubai,n,5165,"AED 35,500",1 week ago
sharjah,3,71770,"AED 15,000",5 days ago
fujairah,r,820,Price hidden,1 week ago
dubai,a,67164,"AED 9,900",6 days ago
ras-al-khaimah,b,402,"AED 190,000",1 week ago
ajman,k,1313,"AED 75,000",9 hours ago
ajman,k,6060,"AED 75,000",9 hours ago
umm-al-quwain,j,1818,"AED 45,000",9 hours ago
ajman,k,90009,"AED 75,000",9 hours ago
dubai,q,27447,"AED 5,000",9 hours ago
ajman,d,64888,"AED 7,300",9 hours ago
ajman,d,88865,"AED 7,300",9 hours ago
ajman,b,42229,"AED 7,300",9 hours ago
ajman,d,22207,"AED 7,500",9 hours ago
ajman,d,7153,"AED 6,900",9 hours ago
ajman,b,7153,"AED 6,900",9 hours ago
ajman,d,9491,"AED 9,200",9 hours ago
dubai,j,45645,"AED 8,200",9 hours ago
dubai,j,78910,"AED 57,000",9 hours ago
dubai,t,54322,"AED 17,000",9 hours ago
dubai,t,60665,"AED 19,000",9 hours ago
dubai,k,98766,"AED 17,000",9 hours ago
dubai,v,80180,"AED 33,000",9 hours ago
dubai,a,60211,"AED 18,000",9 hours ago
dubai,c,11456,"AED 17,000",9 hours ago
dubai,x,31301,"AED 18,000",9 hours ago
dubai,z,13006,"AED 15,000",9 hours ago
dubai,t,76706,"AED 17,000",10 hours ago
dubai,v,10987,"AED 27,000",10 hours ago
dubai,m,17651,"AED 17,000",10 hours ago
dubai,u,15011,"AED 19,000",10 hours ago
dubai,t,30035,"AED 19,000",10 hours ago
ras-al-khaimah,v,11001,"AED 65,000",10 hours ago
dubai,u,78910,"AED 57,000",10 hours ago
ras-al-khaimah,v,11010,"AED 65,000",10 hours ago
dubai,v,78910,"AED 57,000",10 hours ago
dubai,l,15006,"AED 17,000",10 hours ago
ras-al-khaimah,b,1114,"AED 80,000",6 days ago
ras-al-khaimah,b,8,"AED 53,000",1 week ago
ras-al-khaimah,y,4005,"AED 75,000",6 days ago
dubai,h,80789,"AED 9,000",6 days ago
dubai,v,26264,"AED 10,300",1 week ago
dubai,g,88818,"AED 134,000",2 days ago
ajman,b,98955,"AED 3,000",23 hours ago
dubai,c,70619,"AED 2,200",1 week ago
dubai,q,8493,"AED 22,000",2 days ago
dubai,q,11303,"AED 18,000",10 hours ago
dubai,e,19005,"AED 19,000",10 hours ago
dubai,h,15006,"AED 17,000",10 hours ago
ras-al-khaimah,d,70770,"AED 28,000",10 hours ago
dubai,n,70710,"AED 19,000",10 hours ago
dubai,s,5133,"AED 32,900",10 hours ago
umm-al-quwain,b,218,"AED 110,000",10 hours ago
dubai,z,31252,"AED 2,500",10 hours ago
dubai,x,32924,"AED 2,900",10 hours ago
dubai,o,6297,"AED 20,500",10 hours ago
dubai,q,26552,"AED 3,200",10 hours ago
dubai,q,80310,"AED 3,300",11 hours ago
dubai,n,11994,"AED 12,500",11 hours ago
dubai,r,3378,"AED 50,000",11 hours ago
dubai,u,13511,"AED 6,500",11 hours ago
umm-al-quwain,d,6000,Price hidden,11 hours ago
dubai,o,40013,"AED 15,000",11 hours ago
dubai,r,40015,"AED 15,000",11 hours ago
dubai,z,40015,"AED 15,000",11 hours ago
dubai,s,72450,"AED 2,300",11 hours ago
dubai,dd,79118,"AED 3,900",11 hours ago
ajman,k,60,"AED 16,000",11 hours ago
fujairah,c,600,"AED 17,000",11 hours ago
ajman,f,11,"AED 17,000",11 hours ago
ajman,f,9,"AED 27,000",11 hours ago
ajman,a,4,"AED 20,000",11 hours ago
ajman,f,6,"AED 30,000",11 hours ago
dubai,v,405,"AED 26,000",11 hours ago
dubai,u,44804,"AED 5,400",11 hours ago
dubai,j,46044,"AED 5,100",11 hours ago
dubai,z,40071,"AED 5,500",11 hours ago
fujairah,e,7703,"AED 22,000",1 week ago
dubai,e,30403,"AED 35,000",3 days ago
dubai,j,19111,"AED 200,000",1 week ago
umm-al-quwain,b,2389,"AED 10,000",3 days ago
dubai,n,11065,"AED 5,500",5 days ago
ajman,c,219,Call For Price,1 week ago
abu-dhabi,16,66650,"AED 74,500",1 week ago
umm-al-quwain,m,2344,Price hidden,1 week ago
dubai,q,40014,"AED 16,000",1 week ago
dubai,q,58008,"AED 22,500",6 days ago
dubai,g,54255,"AED 4,400",11 hours ago
dubai,j,55253,"AED 4,400",11 hours ago
dubai,i,47060,"AED 3,900",11 hours ago
dubai,y,68004,"AED 5,500",11 hours ago
dubai,l,93004,"AED 5,500",11 hours ago
dubai,z,22962,"AED 5,500",11 hours ago
dubai,l,77617,"AED 5,400",11 hours ago
dubai,a,92672,"AED 6,900",11 hours ago
dubai,d,22928,"AED 5,400",11 hours ago
dubai,y,77875,"AED 5,200",11 hours ago
dubai,c,88682,"AED 5,500",11 hours ago
dubai,z,26606,"AED 10,500",11 hours ago
dubai,aa,73772,"AED 8,000",11 hours ago
umm-al-quwain,x,21122,"AED 25,000",11 hours ago
umm-al-quwain,d,44141,"AED 16,000",11 hours ago
sharjah,3,1672,"AED 17,000",11 hours ago
dubai,n,2128,"AED 50,000",11 hours ago
dubai,r,5568,"AED 31,000",11 hours ago
sharjah,3,6424,"AED 20,000",11 hours ago
dubai,w,51040,"AED 4,000",11 hours ago
dubai,i,40980,"AED 4,500",11 hours ago
ajman,b,66585,"AED 2,900",11 hours ago
ajman,a,55262,"AED 3,900",11 hours ago
ajman,e,27276,"AED 5,000",11 hours ago
ajman,h,5895,"AED 8,900",11 hours ago
umm-al-quwain,m,37378,"AED 4,500",11 hours ago
sharjah,3,28899,"AED 13,000",11 hours ago
sharjah,3,2285,"AED 21,000",11 hours ago
ajman,k,9366,"AED 13,500",11 hours ago
sharjah,3,2825,"AED 21,000",11 hours ago
sharjah,3,7572,"AED 21,000",11 hours ago
umm-al-quwain,b,247,"AED 110,000",11 hours ago
fujairah,c,2369,"AED 9,000",1 week ago
dubai,b,23442,"AED 12,000",1 week ago
umm-al-quwain,b,11444,"AED 30,000",1 week ago
ras-al-khaimah,x,9098,Call For Price,5 days ago
dubai,q,19219,"AED 10,500",1 week ago
dubai,g,76567,"AED 25,000",3 days ago
umm-al-quwain,m,2344,Price hidden,1 week ago
dubai,t,6966,"AED 135,000",2 days ago
dubai,v,51144,"AED 13,000",3 days ago
sharjah,3,5141,"AED 28,500",1 week ago
ajman,k,1951,"AED 16,000",11 hours ago
ras-al-khaimah,x,55445,"AED 19,000",11 hours ago
sharjah,3,8976,"AED 15,000",11 hours ago
umm-al-quwain,l,33443,"AED 12,000",11 hours ago
sharjah,3,1935,"AED 30,000",11 hours ago
sharjah,3,9150,"AED 17,000",11 hours ago
dubai,z,72478,"AED 3,500",11 hours ago
sharjah,3,4797,"AED 20,000",11 hours ago
sharjah,3,8229,"AED 22,500",11 hours ago
dubai,b,63347,Price hidden,11 hours ago
dubai,cc,70998,"AED 2,200",11 hours ago
dubai,aa,99071,"AED 2,500",11 hours ago
dubai,m,55947,"AED 1,990",11 hours ago
dubai,s,79554,"AED 1,990",11 hours ago
dubai,b,57305,Price hidden,11 hours ago
dubai,aa,48747,"AED 2,800",11 hours ago
dubai,b,57547,"AED 6,500",11 hours ago
fujairah,h,8111,"AED 47,000",12 hours ago
fujairah,d,2340,"AED 21,000",12 hours ago
ajman,k,70060,"AED 9,500",12 hours ago
ajman,c,99088,"AED 8,500",12 hours ago
umm-al-quwain,b,3451,"AED 15,500",12 hours ago
ras-al-khaimah,b,9308,"AED 12,500",12 hours ago
sharjah,3,4329,"AED 23,700",12 hours ago
sharjah,3,24142,"AED 15,500",12 hours ago
dubai,dd,66861,"AED 4,500",1 week ago
dubai,o,30089,"AED 14,000",1 week ago
dubai,b,4868,"AED 80,000",3 days ago
umm-al-quwain,b,33733,"AED 28,000",2 days ago
ajman,k,9390,"AED 14,900",1 week ago
ajman,d,875,"AED 100,000",1 week ago
ras-al-khaimah,b,8666,"AED 45,000",6 days ago
dubai,r,3378,"AED 50,000",11 hours ago
dubai,b,34404,Call For Price,1 week ago
dubai,s,1883,"AED 88,888",3 days ago
sharjah,3,29900,"AED 15,000",12 hours ago
sharjah,3,79900,"AED 15,000",12 hours ago
sharjah,3,76600,"AED 17,900",12 hours ago
sharjah,3,82200,"AED 15,000",12 hours ago
sharjah,3,24400,Call For Price,12 hours ago
sharjah,3,30505,"AED 14,500",12 hours ago
sharjah,3,36600,"AED 17,900",12 hours ago
sharjah,3,52200,"AED 17,000",12 hours ago
sharjah,3,50544,"AED 12,000",12 hours ago
sharjah,3,6546,Price hidden,12 hours ago
sharjah,3,6038,Price hidden,12 hours ago
dubai,s,13445,Call For Price,12 hours ago
dubai,e,1311,"AED 189,000",12 hours ago
ajman,b,7289,Call For Price,12 hours ago
ajman,b,7589,"AED 7,000",12 hours ago
ajman,b,7692,"AED 7,000",12 hours ago
ajman,a,3406,"AED 9,900",12 hours ago
ras-al-khaimah,z,20203,"AED 15,000",12 hours ago
umm-al-quwain,x,56000,"AED 50,000",12 hours ago
umm-al-quwain,c,11113,"AED 50,000",12 hours ago
dubai,r,16176,"AED 5,900",12 hours ago
fujairah,j,9997,"AED 50,000",12 hours ago
fujairah,e,5777,"AED 38,000",12 hours ago
dubai,j,47242,"AED 3,300",12 hours ago
dubai,j,29522,"AED 3,900",12 hours ago
dubai,u,6610,"AED 49,000",12 hours ago
dubai,p,99916,"AED 27,000",12 hours ago
dubai,v,4053,"AED 23,000",12 hours ago
abu-dhabi,17,79777,"AED 139,500",12 hours ago
abu-dhabi,11,19611,"AED 44,500",12 hours ago
abu-dhabi,1,91019,"AED 95,500",12 hours ago
abu-dhabi,1,69001,"AED 75,500",12 hours ago
sharjah,3,2167,Price hidden,5 days ago
sharjah,3,68600,"AED 13,000",5 days ago
dubai-classic,noc,4530,"AED 25,000",1 week ago
dubai,y,11417,"AED 10,000",6 days ago
sharjah,3,78797,"AED 11,500",1 week ago
ajman,h,6003,"AED 20,000",1 week ago
dubai,s,93293,"AED 9,900",1 week ago
sharjah,3,46669,"AED 15,500",5 days ago
dubai,v,15657,"AED 2,700",2 days ago
abu-dhabi,11,19611,"AED 44,500",12 hours ago
abu-dhabi,17,79777,"AED 139,500",12 hours ago
dubai,b,4249,"AED 45,000",12 hours ago
dubai,u,1186,"AED 39,000",12 hours ago
dubai,p,1186,"AED 39,000",12 hours ago
dubai,l,1186,"AED 39,000",12 hours ago
dubai,q,1179,"AED 39,000",12 hours ago
dubai,q,1162,"AED 39,000",12 hours ago
dubai,c,7939,"AED 39,000",12 hours ago
dubai,l,2793,"AED 19,900",12 hours ago
dubai,q,60404,"AED 12,900",12 hours ago
dubai,b,98595,"AED 5,900",12 hours ago
dubai,cc,69040,"AED 3,900",12 hours ago
dubai,cc,29442,"AED 3,000",12 hours ago
dubai,y,190,"AED 850,000",12 hours ago
dubai,t,190,"AED 850,000",12 hours ago
dubai,f,695,"AED 515,000",12 hours ago
dubai,cc,24272,"AED 4,500",13 hours ago
dubai,r,97698,"AED 2,200",13 hours ago
dubai,dd,69665,"AED 5,500",13 hours ago
dubai,dd,69667,"AED 6,500",13 hours ago
dubai,a,4963,"AED 68,000",13 hours ago
umm-al-quwain,b,858,"AED 145,000",13 hours ago
umm-al-quwain,c,654,"AED 135,000",13 hours ago
abu-dhabi,1,60101,"AED 79,500",13 hours ago
dubai,v,9869,"AED 29,900",14 hours ago
dubai,s,2352,"AED 29,900",14 hours ago
dubai,n,58599,"AED 5,500",14 hours ago
dubai,v,5035,"AED 33,000",14 hours ago
sharjah,3,5679,"AED 25,000",14 hours ago
dubai,v,35358,"AED 9,500",14 hours ago
ajman,c,2251,Call For Price,14 hours ago
umm-al-quwain,m,2344,Price hidden,1 week ago
dubai,s,48849,"AED 8,900",4 days ago
abu-dhabi,15,55665,"AED 87,000",1 week ago
dubai,dd,66863,"AED 4,500",1 week ago
dubai,r,13115,"AED 11,000",2 days ago
dubai,w,10369,"AED 5,200",1 week ago
abu-dhabi,10,11616,"AED 79,000",1 week ago
dubai,b,35220,"AED 4,750",2 days ago
umm-al-quwain,m,4506,"AED 14,500",6 days ago
ras-al-khaimah,d,5777,"AED 47,000",1 week ago
ajman,a,98444,Call For Price,14 hours ago
ajman,b,8996,Call For Price,14 hours ago
dubai,n,30710,"AED 4,500",14 hours ago
dubai,t,88682,"AED 4,400",15 hours ago
dubai,k,39533,"AED 4,400",15 hours ago
dubai,q,67275,"AED 2,400",15 hours ago
dubai,t,47208,"AED 1,900",15 hours ago
abu-dhabi,20,5200,"AED 170,000",16 hours ago
abu-dhabi,19,2221,"AED 225,000",16 hours ago
abu-dhabi,16,66006,"AED 99,500",16 hours ago
abu-dhabi,16,2061,"AED 92,000",16 hours ago
abu-dhabi,11,55777,"AED 120,000",16 hours ago
abu-dhabi,14,9449,"AED 175,000",16 hours ago
abu-dhabi,15,50100,"AED 85,000",16 hours ago
abu-dhabi,10,27772,"AED 125,000",16 hours ago
abu-dhabi,20,1312,"AED 125,000",16 hours ago
abu-dhabi,5,5810,"AED 122,000",16 hours ago
abu-dhabi,6,1954,"AED 105,000",16 hours ago
umm-al-quwain,i,1880,"AED 18,000",16 hours ago
umm-al-quwain,i,1018,"AED 18,000",16 hours ago
dubai,v,96619,"AED 9,900",17 hours ago
dubai,u,69661,"AED 9,900",17 hours ago
dubai,n,99196,"AED 9,900",17 hours ago
dubai,m,96101,"AED 5,500",17 hours ago
ajman,f,64666,Call For Price,17 hours ago
dubai,m,22929,"AED 36,000",17 hours ago
dubai,n,20112,"AED 12,900",17 hours ago
dubai,d,43833,"AED 5,500",17 hours ago
umm-al-quwain,c,2004,"AED 37,000",17 hours ago
dubai,n,90908,"AED 24,900",17 hours ago
abu-dhabi,2,55222,"AED 179,000",17 hours ago
umm-al-quwain,m,10101,"AED 67,000",1 week ago
dubai,n,5576,"AED 50,000",1 week ago
umm-al-quwain,x,2232,"AED 28,000",2 days ago
dubai,n,11065,"AED 5,500",5 days ago
abu-dhabi,19,8880,"AED 230,000",1 week ago
dubai,z,51665,"AED 8,000",5 days ago
ras-al-khaimah,b,1114,"AED 80,000",6 days ago
fujairah,i,226,"AED 155,000",1 week ago
dubai,g,29889,"AED 9,000",1 day ago
ras-al-khaimah,d,4233,"AED 24,200",17 hours ago
ras-al-khaimah,d,4005,"AED 27,200",17 hours ago
ras-al-khaimah,d,71001,"AED 12,200",17 hours ago
fujairah,c,736,"AED 105,000",17 hours ago
ras-al-khaimah,b,7492,"AED 7,200",17 hours ago
umm-al-quwain,x,7887,"AED 40,000",17 hours ago
dubai,e,59876,"AED 5,900",17 hours ago
dubai,q,4723,"AED 19,900",17 hours ago
dubai,a,21920,"AED 9,000",17 hours ago
dubai,f,56333,"AED 25,000",17 hours ago
dubai,p,8295,"AED 20,000",18 hours ago
dubai,h,6518,"AED 20,500",18 hours ago
dubai,g,6259,"AED 21,000",18 hours ago
dubai,t,7439,"AED 21,000",18 hours ago
dubai,l,30400,Call For Price,18 hours ago
dubai,b,49755,"AED 6,900",18 hours ago
dubai,f,2745,"AED 25,000",18 hours ago
dubai,o,9823,"AED 23,000",18 hours ago
dubai,m,6539,"AED 24,000",18 hours ago
dubai,o,5834,Call For Price,18 hours ago
fujairah,k,8876,Call For Price,18 hours ago
abu-dhabi,14,13183,"AED 33,000",18 hours ago
abu-dhabi,14,23331,"AED 64,000",18 hours ago
fujairah,a,8912,"AED 8,900",18 hours ago
dubai,i,16168,"AED 9,900",18 hours ago
fujairah,c,7,Call For Price,18 hours ago
dubai,u,211,"AED 990,000",18 hours ago
dubai,x,95985,"AED 3,800",18 hours ago
dubai,dd,79177,Price hidden,18 hours ago
dubai,aa,44094,"AED 5,000",18 hours ago
dubai,a,93486,"AED 6,600",18 hours ago
dubai,cc,55195,"AED 3,500",18 hours ago
dubai,f,56333,"AED 25,000",17 hours ago
dubai,z,51665,"AED 8,000",5 days ago
dubai-classic,noc,7898,"AED 5,300",4 days ago
dubai,g,11226,"AED 16,000",2 days ago
dubai,k,9562,Call For Price,1 week ago
abu-dhabi,5,66670,"AED 83,000",7 hours ago
ajman,b,98955,"AED 3,000",23 hours ago
sharjah,3,8378,"AED 18,500",1 week ago
fujairah,s,4503,Call For Price,6 days ago
sharjah,3,4574,"AED 19,000",1 day ago
dubai,v,64262,"AED 3,300",18 hours ago
dubai,q,51060,"AED 3,300",18 hours ago
dubai,aa,94456,Price hidden,18 hours ago
dubai,a,61991,Price hidden,18 hours ago
dubai,z,96789,"AED 8,500",18 hours ago
ajman,e,66262,"AED 8,900",18 hours ago
ajman,d,75755,"AED 9,700",18 hours ago
ajman,h,18811,"AED 12,400",18 hours ago
ajman,h,88989,Call For Price,18 hours ago
ajman,h,99898,Call For Price,18 hours ago
dubai,a,2785,"AED 65,000",18 hours ago
dubai,b,9786,"AED 66,000",18 hours ago
dubai,e,4449,"AED 150,000",18 hours ago
dubai,i,3690,"AED 45,000",18 hours ago
dubai,u,2960,"AED 50,000",18 hours ago
ajman,d,6331,"AED 8,600",18 hours ago
ajman,d,2521,"AED 8,600",18 hours ago
ajman,b,5953,"AED 9,400",18 hours ago
ajman,d,7114,"AED 9,600",18 hours ago
ajman,b,5925,"AED 8,500",18 hours ago
ajman,c,6535,"AED 8,300",18 hours ago
ajman,c,8074,"AED 6,900",18 hours ago
ajman,d,87770,"AED 13,900",18 hours ago
ajman,d,69990,"AED 13,900",18 hours ago
ajman,e,40140,"AED 9,900",18 hours ago
ajman,a,46246,"AED 9,900",18 hours ago
ajman,k,1230,Call For Price,18 hours ago
dubai,m,45679,"AED 14,900",18 hours ago
ajman,b,6439,"AED 7,500",18 hours ago
ajman,c,7241,"AED 7,500",18 hours ago
ajman,c,8640,"AED 7,700",18 hours ago
ajman,c,4539,"AED 7,500",18 hours ago
dubai,q,40014,"AED 16,000",1 week ago
ajman,b,38088,"AED 6,000",1 week ago
dubai,f,56333,"AED 25,000",1 week ago
dubai,o,4124,Call For Price,1 day ago
dubai,c,70619,"AED 2,200",1 week ago
ajman,f,483,Price hidden,3 days ago
abu-dhabi,13,1211,"AED 215,000",5 days ago
ras-al-khaimah,b,3911,"AED 50,000",1 week ago
fujairah,c,98111,"AED 25,000",1 week ago
dubai,x,44324,"AED 8,500",18 hours ago
dubai,bb,51653,"AED 4,000",19 hours ago
dubai,f,15071,"AED 6,000",19 hours ago
dubai,dd,41007,"AED 7,000",19 hours ago
dubai,y,51342,"AED 4,000",19 hours ago
dubai,p,35456,"AED 7,500",19 hours ago
dubai,s,75728,Call For Price,19 hours ago
ras-al-khaimah,d,7080,Call For Price,19 hours ago
dubai,e,9587,"AED 26,000",19 hours ago
dubai,v,20070,"AED 26,000",19 hours ago
umm-al-quwain,i,1105,"AED 20,500",19 hours ago
umm-al-quwain,m,3758,"AED 13,500",19 hours ago
ajman,a,46644,"AED 19,500",19 hours ago
ajman,f,11313,"AED 16,500",19 hours ago
dubai,l,15181,"AED 6,800",19 hours ago
abu-dhabi,1,6506,"AED 157,000",19 hours ago
abu-dhabi,2,9998,"AED 295,000",19 hours ago
abu-dhabi,50,80000,Call For Price,19 hours ago
dubai,y,33033,Call For Price,20 hours ago
dubai,h,3211,"AED 130,000",20 hours ago
dubai,t,6778,"AED 79,000",20 hours ago
dubai,n,6788,"AED 79,000",20 hours ago
dubai,a,66654,"AED 72,000",20 hours ago
dubai,v,1148,"AED 45,000",20 hours ago
dubai,v,4323,"AED 36,500",20 hours ago
dubai,v,9082,"AED 23,900",20 hours ago
dubai,v,7062,"AED 23,900",20 hours ago
dubai,v,4057,"AED 23,900",20 hours ago
dubai,e,10998,"AED 12,500",20 hours ago
dubai,x,44304,"AED 8,500",20 hours ago
dubai,x,44504,"AED 8,500",20 hours ago
dubai,x,44604,"AED 8,500",20 hours ago
fujairah,g,63063,Price hidden,1 week ago
sharjah,3,55530,Price hidden,6 days ago
dubai,b,43,Call For Price,2 days ago
dubai,n,1761,"AED 60,000",1 day ago
dubai,s,93746,"AED 3,000",1 day ago
fujairah,e,300,"AED 360,000",1 week ago
ras-al-khaimah,c,6666,"AED 650,000",1 week ago
dubai,t,82088,Price hidden,1 week ago
fujairah,b,225,"AED 175,000",1 week ago
fujairah,c,1119,"AED 69,000",1 week ago
dubai,i,77827,"AED 4,900",20 hours ago
fujairah,j,9000,"AED 195,000",20 hours ago
fujairah,j,900,"AED 330,000",20 hours ago
fujairah,l,700,"AED 350,000",20 hours ago
ajman,b,11146,"AED 8,800",20 hours ago
ajman,d,35111,"AED 8,800",20 hours ago
ajman,d,16777,"AED 8,200",20 hours ago
ajman,d,33349,"AED 8,200",20 hours ago
ajman,e,82999,"AED 7,300",20 hours ago
dubai,k,9247,"AED 19,900",20 hours ago
dubai,u,95393,"AED 3,500",20 hours ago
dubai,j,46747,"AED 3,500",20 hours ago
abu-dhabi,1,77616,"AED 59,500",20 hours ago
dubai,c,23092,Price hidden,20 hours ago
dubai,q,1108,"AED 75,000",20 hours ago
abu-dhabi,12,369,Price hidden,20 hours ago
dubai,q,87080,"AED 7,900",20 hours ago
dubai,x,40324,"AED 3,900",20 hours ago
abu-dhabi,1,88338,"AED 125,000",20 hours ago
abu-dhabi,1,89090,"AED 79,500",20 hours ago
abu-dhabi,1,10210,"AED 98,500",20 hours ago
abu-dhabi,1,77716,"AED 99,500",20 hours ago
ras-al-khaimah,m,1005,Call For Price,21 hours ago
ras-al-khaimah,v,5008,Call For Price,21 hours ago
ras-al-khaimah,d,11100,Call For Price,21 hours ago
ras-al-khaimah,c,1006,Call For Price,21 hours ago
ras-al-khaimah,v,2323,Call For Price,21 hours ago
ras-al-khaimah,v,5050,Call For Price,21 hours ago
ras-al-khaimah,v,8989,Call For Price,21 hours ago
ras-al-khaimah,d,5133,Call For Price,21 hours ago
ras-al-khaimah,b,1383,Call For Price,21 hours ago
ras-al-khaimah,c,5705,Call For Price,21 hours ago
sharjah,3,19110,"AED 17,000",5 days ago
ajman,b,3210,"AED 30,000",1 week ago
dubai,n,57175,"AED 22,000",3 days ago
dubai,a,99228,"AED 35,000",2 days ago
ras-al-khaimah,b,56665,"AED 30,000",6 days ago
ras-al-khaimah,b,65556,"AED 30,000",6 days ago
abu-dhabi,11,38000,"AED 145,000",6 days ago
ajman,a,86861,Price hidden,3 days ago
dubai,b,34404,Call For Price,1 week ago
ras-al-khaimah,v,21120,"AED 6,900",1 week ago
ras-al-khaimah,n,3292,Call For Price,21 hours ago
ras-al-khaimah,b,3513,Call For Price,21 hours ago
ras-al-khaimah,b,9490,Call For Price,21 hours ago
ras-al-khaimah,b,3360,Call For Price,21 hours ago
ras-al-khaimah,b,7424,Call For Price,21 hours ago
ras-al-khaimah,d,7037,Call For Price,21 hours ago
ras-al-khaimah,c,6533,Call For Price,21 hours ago
umm-al-quwain,b,1002,Call For Price,21 hours ago
umm-al-quwain,f,505,Call For Price,21 hours ago
umm-al-quwain,b,1003,Call For Price,21 hours ago
abu-dhabi,16,911,"AED 1,100,000",21 hours ago
umm-al-quwain,k,119,"AED 139,999",21 hours ago
umm-al-quwain,m,1800,"AED 45,999",21 hours ago
ajman,a,55950,"AED 3,500",21 hours ago
dubai,j,46844,"AED 4,000",21 hours ago
dubai,t,46144,"AED 4,000",21 hours ago
dubai,y,66526,"AED 4,500",21 hours ago
dubai,v,9046,"AED 22,000",21 hours ago
dubai,u,9054,"AED 22,000",21 hours ago
dubai,i,8265,"AED 20,500",21 hours ago
dubai,d,49494,"AED 105,000",21 hours ago
dubai,q,4504,"AED 34,000",21 hours ago
dubai,q,5405,"AED 34,000",21 hours ago
dubai,y,22829,"AED 4,500",21 hours ago
dubai,z,44948,"AED 4,500",21 hours ago
dubai,w,33538,"AED 4,500",21 hours ago
abu-dhabi,17,77708,"AED 79,500",21 hours ago
abu-dhabi,50,2010,"AED 185,000",21 hours ago
dubai,z,84886,"AED 5,500",1 week ago
dubai,n,50055,"AED 60,000",1 week ago
sharjah,3,78798,"AED 11,500",5 days ago
dubai,s,1883,"AED 88,888",3 days ago
umm-al-quwain,m,7700,Call For Price,1 week ago
dubai,s,36633,"AED 45,000",5 days ago
dubai,n,1761,"AED 60,000",1 day ago
dubai,h,19930,"AED 17,500",4 days ago
ajman,d,873,Price hidden,4 days ago
ras-al-khaimah,b,8,"AED 53,000",1 week ago
dubai,j,66669,Call For Price,21 hours ago
dubai,s,63636,Call For Price,21 hours ago
dubai,m,73368,"AED 2,990",21 hours ago
dubai,z,24989,"AED 3,100",21 hours ago
dubai,a,666,Call For Price,22 hours ago
umm-al-quwain,c,566,Call For Price,22 hours ago
umm-al-quwain,b,507,Call For Price,22 hours ago
umm-al-quwain,k,77777,Call For Price,22 hours ago
umm-al-quwain,i,99999,Call For Price,22 hours ago
dubai,u,2002,Call For Price,22 hours ago
dubai,p,7007,Call For Price,22 hours ago
fujairah,e,918,Call For Price,22 hours ago
fujairah,h,633,Call For Price,22 hours ago
ras-al-khaimah,k,911,Call For Price,22 hours ago
umm-al-quwain,k,911,Call For Price,22 hours ago
umm-al-quwain,k,6969,Call For Price,22 hours ago
dubai,r,63634,"AED 13,500",22 hours ago
dubai,v,63639,Call For Price,22 hours ago
dubai,n,97878,Call For Price,22 hours ago
dubai,u,97878,"AED 13,000",22 hours ago
fujairah,d,1008,Call For Price,22 hours ago
fujairah,r,2003,Call For Price,22 hours ago
dubai,dd,58808,"AED 9,500",22 hours ago
dubai,dd,59099,"AED 9,500",22 hours ago
dubai,dd,60966,"AED 8,500",22 hours ago
dubai,dd,61660,"AED 11,500",22 hours ago
dubai,dd,63033,"AED 10,500",22 hours ago
dubai,w,23202,"AED 12,500",22 hours ago
dubai,w,31101,"AED 14,500",22 hours ago
dubai,x,19890,"AED 15,500",22 hours ago
dubai,y,33123,"AED 14,500",22 hours ago
dubai,b,35220,"AED 4,750",2 days ago
ras-al-khaimah,n,1112,Call For Price,5 days ago
dubai,v,51144,"AED 13,000",3 days ago
dubai,f,1474,"AED 45,000",1 day ago
sharjah,3,55858,Price hidden,1 week ago
dubai,m,24340,"AED 5,000",6 days ago
dubai,a,2028,"AED 400,000",1 week ago
dubai,a,45644,Price hidden,6 days ago
dubai,b,49303,"AED 5,500",1 day ago
sharjah,3,21220,"AED 15,000",5 days ago
dubai,y,54044,"AED 13,500",22 hours ago
dubai,z,14101,"AED 14,500",22 hours ago
dubai,z,23202,"AED 12,500",22 hours ago
dubai,z,33213,"AED 13,500",22 hours ago
dubai,z,48088,"AED 12,500",22 hours ago
dubai,aa,34009,"AED 8,500",22 hours ago
dubai,aa,41311,"AED 13,500",22 hours ago
dubai,aa,44564,"AED 11,500",22 hours ago
dubai,aa,45625,"AED 5,500",22 hours ago
dubai,aa,61606,"AED 14,500",22 hours ago
dubai,aa,63606,"AED 12,500",22 hours ago
dubai,aa,67077,"AED 16,500",22 hours ago
dubai,aa,89809,"AED 11,500",22 hours ago
dubai,aa,89908,"AED 12,500",22 hours ago
dubai,aa,91909,"AED 14,500",22 hours ago
dubai,bb,45055,"AED 11,500",22 hours ago
dubai,dd,54553,"AED 7,500",22 hours ago
dubai,z,6600,"AED 350,000",22 hours ago
dubai,w,30003,"AED 280,000",22 hours ago
dubai,u,30003,"AED 270,000",22 hours ago
dubai,v,23345,"AED 18,000",22 hours ago
dubai-classic,noc,22322,"AED 20,000",22 hours ago
dubai-classic,noc,7809,"AED 6,000",22 hours ago
dubai,t,56756,"AED 12,500",22 hours ago
dubai,u,23022,"AED 9,500",22 hours ago
dubai,u,30022,"AED 21,000",22 hours ago
dubai,u,31122,"AED 21,000",22 hours ago
dubai,u,55677,"AED 28,500",22 hours ago
dubai,u,56505,"AED 7,500",22 hours ago
dubai,v,20233,"AED 12,500",22 hours ago
dubai,i,55502,Price hidden,6 days ago
ras-al-khaimah,b,8535,"AED 15,000",4 days ago
dubai,e,1998,"AED 360,000",2 days ago
dubai,d,66006,"AED 72,000",4 days ago
dubai,d,7080,"AED 119,000",1 week ago
dubai,h,8695,"AED 25,000",4 days ago
dubai,w,87083,"AED 3,200",1 week ago
dubai,r,13318,"AED 10,000",1 week ago
ras-al-khaimah,x,9098,Call For Price,5 days ago
ajman,d,873,Price hidden,4 days ago
dubai,v,22033,"AED 34,000",22 hours ago
dubai,v,30022,"AED 21,000",22 hours ago
dubai,v,31312,"AED 17,500",22 hours ago
dubai,v,38683,"AED 8,500",22 hours ago
dubai,v,38983,"AED 8,500",22 hours ago
dubai,v,41404,"AED 12,500",22 hours ago
dubai,v,50066,"AED 21,000",22 hours ago
dubai,v,55007,"AED 23,500",22 hours ago
dubai,v,56756,"AED 12,500",22 hours ago
dubai,v,74044,"AED 9,500",22 hours ago
dubai,v,93839,"AED 8,500",22 hours ago
dubai,v,94194,"AED 12,500",22 hours ago
dubai,v,98798,"AED 12,500",22 hours ago
dubai,v,99493,"AED 7,500",22 hours ago
dubai,q,39493,"AED 7,500",22 hours ago
dubai,r,56756,"AED 12,500",22 hours ago
dubai,s,11981,"AED 17,500",22 hours ago
dubai,s,12120,"AED 46,000",22 hours ago
dubai,s,23242,"AED 12,500",22 hours ago
dubai,s,40033,"AED 21,000",22 hours ago
dubai,s,63634,"AED 18,500",22 hours ago
dubai,s,77675,"AED 8,500",22 hours ago
dubai,s,88584,"AED 7,500",22 hours ago
dubai,t,22023,"AED 14,500",22 hours ago
dubai,t,32132,"AED 17,500",22 hours ago
dubai,t,44655,"AED 13,500",22 hours ago
dubai,t,88083,"AED 13,500",22 hours ago
dubai,t,98798,"AED 12,500",22 hours ago
dubai,u,12344,"AED 62,000",22 hours ago
dubai,u,11330,"AED 19,500",22 hours ago
dubai,u,17161,"AED 14,500",22 hours ago
dubai,u,19902,"AED 8,500",22 hours ago
fujairah,i,8086,"AED 19,000",1 week ago
dubai,v,5016,"AED 30,000",1 week ago
dubai,a,45644,Price hidden,6 days ago
umm-al-quwain,m,7170,"AED 19,000",1 week ago
sharjah,3,13400,"AED 11,500",5 days ago
fujairah,a,6416,"AED 38,000",5 days ago
abu-dhabi,15,8808,"AED 185,000",1 day ago
ajman,b,38088,"AED 6,000",1 week ago
umm-al-quwain,b,33733,"AED 28,000",2 days ago
dubai,d,66006,"AED 72,000",4 days ago
dubai,u,19899,"AED 14,500",22 hours ago
dubai,u,22072,"AED 6,500",22 hours ago
dubai,p,46969,"AED 16,500",22 hours ago
dubai,p,48088,"AED 12,500",22 hours ago
dubai,p,55677,"AED 28,500",22 hours ago
dubai,p,96066,"AED 16,500",22 hours ago
dubai,q,10220,"AED 18,500",22 hours ago
dubai,q,10077,"AED 31,000",22 hours ago
dubai,q,11330,"AED 19,500",22 hours ago
dubai,q,12131,"AED 28,500",22 hours ago
dubai,q,12020,"AED 28,500",22 hours ago
dubai,q,12327,"AED 8,500",22 hours ago
dubai,q,19770,"AED 15,500",22 hours ago
dubai,q,19889,"AED 16,500",22 hours ago
dubai,q,21311,"AED 14,500",22 hours ago
dubai,q,30322,"AED 9,500",22 hours ago
dubai,q,33440,"AED 23,500",22 hours ago
dubai,q,40055,"AED 21,000",22 hours ago
dubai,q,60029,"AED 5,500",22 hours ago
dubai,q,96596,"AED 8,500",22 hours ago
dubai,r,20021,"AED 27,500",22 hours ago
dubai,r,55440,"AED 25,500",22 hours ago
dubai,o,45916,"AED 2,400",22 hours ago
dubai,f,28988,"AED 6,900",22 hours ago
dubai,j,33422,"AED 17,500",22 hours ago
dubai,j,34033,"AED 9,500",22 hours ago
dubai,j,40447,"AED 8,500",22 hours ago
dubai,j,68786,"AED 17,500",22 hours ago
dubai,k,34007,"AED 7,500",22 hours ago
dubai,k,88584,"AED 7,500",22 hours ago
dubai,l,11229,"AED 18,500",22 hours ago
dubai,l,13136,"AED 14,500",22 hours ago
sharjah,3,21220,"AED 15,000",5 days ago
dubai,r,13318,"AED 10,000",1 week ago
dubai,c,61946,"AED 4,000",3 days ago
dubai,b,52535,"AED 19,500",1 week ago
umm-al-quwain,m,2344,Price hidden,1 week ago
sharjah,3,78797,"AED 11,500",1 week ago
dubai,l,6056,"AED 35,500",1 week ago
dubai,u,6085,"AED 23,500",5 days ago
sharjah,3,54044,"AED 11,000",5 days ago
ajman,a,6067,"AED 15,500",1 day ago
dubai,l,10711,"AED 14,500",22 hours ago
dubai,l,19898,"AED 18,500",22 hours ago
dubai,l,42344,"AED 7,500",22 hours ago
dubai,l,95858,"AED 7,500",22 hours ago
dubai,n,90949,"AED 7,500",22 hours ago
dubai,n,96099,"AED 13,500",22 hours ago
dubai,o,23433,"AED 8,500",22 hours ago
dubai,o,57077,"AED 12,500",22 hours ago
dubai,o,66778,"AED 28,500",22 hours ago
dubai,p,12011,"AED 19,500",22 hours ago
dubai,p,13132,"AED 18,500",22 hours ago
dubai,p,40041,"AED 24,500",22 hours ago
dubai,n,7386,"AED 20,600",22 hours ago
dubai,p,93963,AED 3,22 hours ago
dubai,m,16456,"AED 4,300",22 hours ago
dubai,d,40410,"AED 12,500",23 hours ago
dubai,d,62126,"AED 17,500",23 hours ago
dubai,e,12126,"AED 17,500",23 hours ago
dubai,e,19955,"AED 18,500",23 hours ago
dubai,e,32202,"AED 13,500",23 hours ago
dubai,e,83808,"AED 11,500",23 hours ago
dubai,e,88910,"AED 14,500",23 hours ago
dubai,f,14244,"AED 8,500",23 hours ago
dubai,f,29202,"AED 7,500",23 hours ago
dubai,f,78078,"AED 25,500",23 hours ago
dubai,g,11055,"AED 24,500",23 hours ago
dubai,g,19890,"AED 16,500",23 hours ago
dubai,g,66367,"AED 8,500",23 hours ago
dubai,g,66360,"AED 14,500",23 hours ago
dubai,h,80550,"AED 23,000",23 hours ago
dubai,h,88485,"AED 7,500",23 hours ago
ras-al-khaimah,b,8,"AED 53,000",1 week ago
dubai,i,55502,Price hidden,6 days ago
dubai,s,48849,"AED 8,900",4 days ago
dubai,w,10369,"AED 5,200",1 week ago
fujairah,c,8805,"AED 22,000",1 week ago
ajman,f,56656,"AED 17,500",3 hours ago
dubai,v,5016,"AED 30,000",1 week ago
ajman,b,1681,"AED 10,000",1 week ago
dubai,e,30403,"AED 35,000",3 days ago
dubai,g,29889,"AED 9,000",1 day ago
dubai,i,20212,"AED 18,500",23 hours ago
dubai,i,40544,"AED 7,500",23 hours ago
dubai,i,50066,"AED 21,000",23 hours ago
dubai,i,54433,"AED 21,500",23 hours ago
dubai,i,69006,"AED 19,500",23 hours ago
dubai,c,2123,"AED 78,000",23 hours ago
dubai,c,6324,"AED 42,000",23 hours ago
dubai,e,8093,"AED 27,500",23 hours ago
dubai,e,8095,"AED 27,500",23 hours ago
dubai,j,1314,"AED 89,000",23 hours ago
dubai,j,8069,"AED 29,500",23 hours ago
dubai,k,6390,"AED 29,500",23 hours ago
dubai,l,2432,"AED 34,500",23 hours ago
dubai,t,1510,"AED 65,000",23 hours ago
dubai,u,5096,"AED 28,500",23 hours ago
dubai,w,1190,"AED 79,000",23 hours ago
dubai,a,96066,"AED 43,000",23 hours ago
dubai,b,32033,"AED 24,000",23 hours ago
dubai,b,33774,"AED 18,500",23 hours ago
dubai,b,40133,"AED 5,500",23 hours ago
dubai,b,44546,"AED 11,500",23 hours ago
dubai,b,83033,"AED 21,000",23 hours ago
dubai,b,88719,"AED 5,500",23 hours ago
dubai,d,11983,"AED 13,500",23 hours ago
dubai,d,19809,"AED 9,500",23 hours ago
dubai,d,26606,"AED 12,500",23 hours ago
dubai,x,32434,"AED 6,500",23 hours ago
dubai,b,87566,"AED 8,000",23 hours ago
dubai,aa,23121,"AED 15,000",23 hours ago
dubai,y,50559,"AED 8,000",23 hours ago
dubai,v,19844,"AED 10,000",23 hours ago
dubai,aa,41401,"AED 20,000",23 hours ago
dubai,i,9959,"AED 125,000",2 days ago
dubai,o,30089,"AED 14,000",1 week ago
abu-dhabi,5,57776,"AED 100,000",5 days ago
dubai,n,50055,"AED 60,000",1 week ago
dubai,n,16611,"AED 50,000",4 days ago
sharjah,3,78798,"AED 11,500",5 days ago
sharjah,3,68088,"AED 11,000",5 days ago
fujairah,i,226,"AED 155,000",1 week ago
fujairah,s,4503,Call For Price,6 days ago
abu-dhabi,6,88488,"AED 150,000",1 week ago
dubai,aa,41711,"AED 20,000",23 hours ago
dubai,m,70171,"AED 16,000",23 hours ago
dubai,bb,19110,"AED 20,000",23 hours ago
dubai,p,80055,"AED 27,000",23 hours ago
dubai,s,50510,"AED 12,000",23 hours ago
dubai,x,60540,"AED 7,500",23 hours ago
dubai,k,11109,"AED 42,000",23 hours ago
dubai,h,91190,"AED 35,000",23 hours ago
dubai,x,54003,"AED 10,000",23 hours ago
dubai,z,18070,"AED 8,000",23 hours ago
dubai,a,60320,"AED 15,000",23 hours ago
dubai,v,63630,"AED 35,000",23 hours ago
dubai,u,32132,"AED 15,000",23 hours ago
dubai,y,40013,"AED 10,000",23 hours ago
dubai,c,30311,"AED 17,000",23 hours ago
ras-al-khaimah,n,98000,"AED 55,000",23 hours ago
ras-al-khaimah,b,35151,"AED 9,000",23 hours ago
ras-al-khaimah,i,32221,"AED 20,000",23 hours ago
ajman,b,98955,"AED 3,000",23 hours ago
ras-al-khaimah,b,5567,"AED 45,000",23 hours ago
ras-al-khaimah,b,6825,"AED 11,800",23 hours ago
ras-al-khaimah,k,376,"AED 119,000",23 hours ago
ras-al-khaimah,k,734,"AED 119,000",23 hours ago
dubai,j,33153,"AED 3,900",23 hours ago
umm-al-quwain,m,8111,"AED 47,000",23 hours ago
dubai,o,6860,"AED 40,000",23 hours ago
dubai,q,29911,"AED 15,000",23 hours ago
dubai,p,83773,"AED 5,000",23 hours ago
abu-dhabi,18,7505,"AED 109,500",23 hours ago
dubai,e,66638,"AED 28,000",1 day ago
dubai,b,33371,"AED 39,900",1 day ago
abu-dhabi,13,13861,"AED 9,500",1 day ago
dubai,w,37381,"AED 5,500",3 days ago
dubai,d,98709,"AED 5,500",2 days ago
dubai,j,97899,"AED 10,000",4 days ago
dubai,v,10210,"AED 34,500",1 hour ago
dubai,e,17711,"AED 80,000",1 week ago
umm-al-quwain,x,877,"AED 135,000",5 days ago
dubai,n,57175,"AED 22,000",3 days ago
sharjah,3,77008,Call For Price,1 week ago
dubai,x,66103,"AED 2,700",1 week ago
ras-al-khaimah,b,35151,"AED 9,000",23 hours ago
abu-dhabi,11,71661,"AED 49,000",1 day ago
umm-al-quwain,e,8593,"AED 9,500",1 day ago
ajman,c,17775,"AED 14,500",1 day ago
ajman,c,18887,"AED 13,500",1 day ago
ajman,c,15553,"AED 13,500",1 day ago
dubai,c,68886,"AED 129,000",1 day ago
abu-dhabi,50,122,Call For Price,1 day ago
dubai,q,97343,"AED 2,500",1 day ago
umm-al-quwain,c,60,"AED 670,000",1 day ago
fujairah,j,120,"AED 185,000",1 day ago
umm-al-quwain,d,134,"AED 157,000",1 day ago
fujairah,b,713,"AED 137,000",1 day ago
fujairah,d,570,"AED 137,000",1 day ago
umm-al-quwain,b,291,"AED 147,000",1 day ago
umm-al-quwain,b,47777,"AED 39,000",1 day ago
umm-al-quwain,e,10011,"AED 37,000",1 day ago
umm-al-quwain,c,10022,"AED 22,500",1 day ago
fujairah,b,21110,"AED 25,500",1 day ago
fujairah,c,1770,"AED 21,000",1 day ago
fujairah,e,1244,"AED 25,500",1 day ago
fujairah,m,1244,"AED 25,500",1 day ago
ajman,a,2578,"AED 12,500",1 day ago
ajman,a,5740,"AED 12,500",1 day ago
ajman,a,5719,"AED 12,500",1 day ago
ajman,a,9547,"AED 11,500",1 day ago
umm-al-quwain,b,1635,"AED 14,500",1 day ago
umm-al-quwain,b,1709,"AED 15,500",1 day ago
fujairah,h,1102,"AED 27,500",1 day ago
ras-al-khaimah,b,4567,Call For Price,1 day ago
dubai,v,11882,"AED 15,000",1 day ago
ajman,d,1987,"AED 29,900",1 day ago
ajman,c,19990,"AED 14,900",1 day ago
dubai,p,55506,"AED 30,000",1 week ago
dubai,d,89009,"AED 30,000",1 week ago
dubai,b,34404,Call For Price,1 week ago
dubai,n,1761,"AED 60,000",1 day ago
dubai,k,88842,Call For Price,6 days ago
dubai,s,75775,Call For Price,1 week ago
ajman,d,65554,"AED 18,500",1 day ago
dubai,b,90019,"AED 26,000",1 week ago
fujairah,e,7703,"AED 22,000",1 week ago
dubai,d,21282,Call For Price,6 hours ago
ajman,c,2019,"AED 29,900",1 day ago
ajman,k,2025,"AED 29,900",1 day ago
ajman,a,2039,"AED 14,900",1 day ago
dubai,r,48001,Call For Price,1 day ago
dubai,u,17099,"AED 2,500",1 day ago
dubai,u,61966,"AED 15,000",1 day ago
sharjah,3,9120,"AED 19,000",1 day ago
dubai,o,4124,Call For Price,1 day ago
dubai,k,80660,Price hidden,1 day ago
dubai,s,9614,"AED 26,000",1 day ago
dubai,m,43463,"AED 5,000",1 day ago
sharjah,3,8120,"AED 35,000",1 day ago
sharjah,3,9712,"AED 20,000",1 day ago
sharjah,3,9701,"AED 17,000",1 day ago
sharjah,3,48008,"AED 18,000",1 day ago
sharjah,3,88033,"AED 15,000",1 day ago
sharjah,3,10017,"AED 17,000",1 day ago
sharjah,3,10021,"AED 17,000",1 day ago
sharjah,3,91001,"AED 15,000",1 day ago
sharjah,3,11012,"AED 14,000",1 day ago
sharjah,3,10122,"AED 14,000",1 day ago
sharjah,3,67800,"AED 13,000",1 day ago
sharjah,3,67867,"AED 12,000",1 day ago
sharjah,3,10505,"AED 14,000",1 day ago
sharjah,3,78678,"AED 14,000",1 day ago
sharjah,3,78786,"AED 13,000",1 day ago
ras-al-khaimah,n,274,"AED 130,000",1 day ago
fujairah,m,432,"AED 150,000",1 day ago
abu-dhabi,6,2824,"AED 129,500",1 day ago
abu-dhabi,5,2385,"AED 109,500",1 day ago
dubai-classic,noc,5914,"AED 3,700",3 days ago
ras-al-khaimah,i,5678,"AED 49,900",3 days ago
dubai,b,49303,"AED 5,500",1 day ago
fujairah,i,188,"AED 215,000",1 week ago
ajman,b,3210,"AED 30,000",1 week ago
dubai,f,1474,"AED 45,000",1 day ago
dubai,o,30089,"AED 14,000",1 week ago
dubai,a,45644,Price hidden,6 days ago
dubai,k,1474,"AED 45,000",1 day ago
dubai,k,9562,Call For Price,1 week ago
ras-al-khaimah,i,250,Price hidden,1 day ago
ras-al-khaimah,y,250,"AED 200,000",1 day ago
ras-al-khaimah,z,250,"AED 220,000",1 day ago
ras-al-khaimah,m,9000,Call For Price,1 day ago
fujairah,j,41,"AED 510,000",1 day ago
ras-al-khaimah,c,900,"AED 450,000",1 day ago
ras-al-khaimah,b,685,"AED 160,000",1 day ago
ras-al-khaimah,n,544,"AED 160,000",1 day ago
umm-al-quwain,n,556,"AED 150,000",1 day ago
umm-al-quwain,m,120,"AED 170,000",1 day ago
dubai,o,9107,"AED 28,000",1 day ago
dubai,q,6503,"AED 25,000",1 day ago
dubai,i,89389,"AED 10,000",1 day ago
abu-dhabi,15,8808,"AED 185,000",1 day ago
abu-dhabi,1,92929,"AED 189,000",1 day ago
dubai,d,7774,"AED 299,999",1 day ago
sharjah,3,80002,"AED 49,900",1 day ago
sharjah,3,90907,"AED 11,500",1 day ago
dubai,j,23333,Call For Price,1 day ago
dubai,n,93232,"AED 9,000",1 day ago
dubai,g,29889,"AED 9,000",1 day ago
dubai,v,99696,"AED 52,000",1 day ago
dubai,k,80588,"AED 5,500",1 day ago
dubai,dd,30059,"AED 4,500",1 day ago
dubai-classic,noc,6601,"AED 4,500",1 day ago
dubai-classic,noc,5506,"AED 4,500",1 day ago
dubai-classic,noc,7076,"AED 4,500",1 day ago
dubai-classic,noc,6706,"AED 4,500",1 day ago
dubai-classic,noc,5054,"AED 4,500",1 day ago
dubai-classic,noc,80600,"AED 4,000",1 day ago
dubai,j,67777,Call For Price,1 day ago
dubai,m,82955,"AED 2,500",1 week ago
dubai,r,220,"AED 1,100,000",1 week ago
dubai-classic,noc,4530,"AED 25,000",1 week ago
dubai,b,76514,"AED 19,000",1 week ago
dubai,dd,66861,"AED 4,500",1 week ago
dubai,o,80222,"AED 27,000",6 days ago
ras-al-khaimah,n,98000,"AED 55,000",23 hours ago
ras-al-khaimah,m,31111,"AED 55,000",1 day ago
umm-al-quwain,m,62625,"AED 10,000",1 week ago
dubai,s,32222,Call For Price,1 day ago
umm-al-quwain,x,2223,"AED 52,000",1 day ago
dubai,i,6333,Call For Price,1 day ago
ras-al-khaimah,i,5003,"AED 28,000",1 day ago
ras-al-khaimah,k,5003,"AED 28,000",1 day ago
ras-al-khaimah,s,5003,"AED 28,000",1 day ago
dubai,a,13108,"AED 22,000",1 day ago
dubai,a,14526,"AED 9,000",1 day ago
dubai,a,34325,"AED 9,000",1 day ago
dubai,m,55300,"AED 20,000",1 day ago
dubai,e,10410,"AED 20,000",1 day ago
dubai,b,27892,"AED 10,000",1 day ago
dubai,b,32363,"AED 9,000",1 day ago
dubai,b,76939,"AED 4,000",1 day ago
dubai,b,74673,"AED 4,000",1 day ago
dubai,d,39439,"AED 11,000",1 day ago
dubai,g,58358,"AED 9,000",1 day ago
dubai,h,88545,"AED 7,000",1 day ago
dubai,aa,40219,"AED 3,000",1 day ago
dubai,q,74404,"AED 5,900",1 day ago
dubai,i,21003,"AED 9,900",1 day ago
dubai,h,99299,Call For Price,1 day ago
abu-dhabi,10,5446,"AED 128,500",1 day ago
ajman,c,3387,"AED 9,500",1 day ago
dubai,g,11230,"AED 29,900",1 day ago
dubai,q,11230,"AED 29,900",1 day ago
dubai,dd,11230,"AED 29,900",1 day ago
dubai,i,9371,"AED 21,000",1 day ago
dubai,o,6289,"AED 21,000",1 day ago
dubai,q,4836,"AED 21,000",1 day ago
dubai,q,4382,"AED 21,000",1 day ago
dubai,p,7146,"AED 20,500",1 day ago
sharjah,3,78797,"AED 11,500",1 week ago
dubai,v,15859,"AED 2,700",2 days ago
dubai,q,19219,"AED 10,500",1 week ago
dubai,l,6056,"AED 35,500",1 week ago
ajman,d,39996,"AED 12,500",1 week ago
dubai,dd,74062,Price hidden,4 days ago
dubai,i,47470,"AED 30,000",1 day ago
sharjah,3,68600,"AED 13,000",5 days ago
dubai,n,34444,"AED 170,000",5 days ago
dubai,j,19111,"AED 200,000",1 week ago
dubai,e,5270,"AED 25,000",1 day ago
dubai,u,9032,"AED 24,000",1 day ago
dubai,u,9508,"AED 24,000",1 day ago
dubai,l,9504,"AED 24,000",1 day ago
dubai,l,5702,"AED 24,000",1 day ago
dubai,l,5802,"AED 24,000",1 day ago
dubai,f,6472,"AED 23,000",1 day ago
dubai,f,7269,"AED 23,000",1 day ago
dubai,f,4625,"AED 23,000",1 day ago
dubai,m,6379,"AED 25,000",1 day ago
dubai,m,3647,"AED 24,000",1 day ago
dubai,n,3852,"AED 23,000",1 day ago
dubai,p,9356,"AED 22,000",1 day ago
dubai,l,8729,"AED 22,000",1 day ago
dubai,l,9531,"AED 22,000",1 day ago
dubai,j,8157,"AED 22,000",1 day ago
dubai,l,5863,"AED 21,000",1 day ago
dubai,p,7256,"AED 21,000",1 day ago
dubai,l,5281,"AED 21,000",1 day ago
dubai,l,9864,"AED 21,000",1 day ago
dubai,l,4291,"AED 21,000",1 day ago
fujairah,e,336,Call For Price,1 day ago
umm-al-quwain,j,989,Call For Price,1 day ago
umm-al-quwain,j,118,Call For Price,1 day ago
dubai,u,1708,Price hidden,1 day ago
dubai,f,6190,"AED 33,000",1 day ago
dubai,c,7039,"AED 29,000",1 day ago
dubai,c,3764,"AED 25,000",1 day ago
dubai,c,6249,"AED 25,000",1 day ago
dubai,s,4092,"AED 25,000",1 day ago
dubai,s,4093,"AED 25,000",1 day ago
dubai,s,6047,"AED 25,000",1 day ago
fujairah,s,122,"AED 270,000",4 days ago
sharjah,3,12110,"AED 15,000",5 days ago
dubai,i,1085,"AED 215,000",1 week ago
ras-al-khaimah,x,9098,Call For Price,5 days ago
umm-al-quwain,b,98777,Call For Price,1 day ago
dubai,b,38003,"AED 35,000",1 day ago
sharjah,3,3150,"AED 17,500",5 days ago
dubai,w,10369,"AED 5,200",1 week ago
abu-dhabi,17,60999,"AED 69,500",2 days ago
ras-al-khaimah,n,1112,Call For Price,5 days ago
dubai,s,7036,"AED 25,000",1 day ago
dubai,s,7046,"AED 25,000",1 day ago
dubai,s,7048,"AED 25,000",1 day ago
dubai,s,9042,"AED 25,000",1 day ago
dubai,s,9047,"AED 25,000",1 day ago
dubai,s,9053,"AED 25,000",1 day ago
dubai,s,9058,"AED 25,000",1 day ago
dubai,s,9507,"AED 25,000",1 day ago
dubai,s,4653,"AED 23,000",1 day ago
dubai,t,7068,"AED 24,000",1 day ago
dubai,v,7068,"AED 24,000",1 day ago
dubai,u,7068,"AED 24,000",1 day ago
dubai,j,5098,"AED 24,000",1 day ago
dubai,j,5198,"AED 21,000",1 day ago
dubai,j,5298,"AED 21,000",1 day ago
dubai,c,33731,Call For Price,1 day ago
dubai,s,6086,"AED 36,000",1 day ago
dubai,t,5404,"AED 35,000",1 day ago
dubai,q,6056,"AED 35,000",1 day ago
dubai,r,3803,"AED 35,000",1 day ago
dubai,r,9509,"AED 35,000",1 day ago
dubai,k,5636,"AED 30,000",1 day ago
dubai,n,6176,"AED 30,000",1 day ago
dubai,l,6176,"AED 30,000",1 day ago
dubai,o,6176,"AED 30,000",1 day ago
dubai,j,8355,"AED 30,000",1 day ago
dubai,j,8565,"AED 30,000",1 day ago
dubai,g,3273,"AED 30,000",1 day ago
dubai,f,1268,"AED 32,000",1 day ago
dubai,f,1534,"AED 30,000",1 day ago
dubai,l,1469,"AED 30,000",1 day ago
dubai,h,1845,"AED 29,000",1 day ago
sharjah,4,7007,"AED 209,000",6 days ago
dubai,j,45645,"AED 8,200",9 hours ago
ajman,f,56656,"AED 17,500",3 hours ago
dubai,a,21920,"AED 9,000",17 hours ago
fujairah,i,2525,"AED 65,000",1 week ago
ajman,a,6067,"AED 15,500",1 day ago
fujairah,c,21000,"AED 55,000",6 days ago
dubai,p,20030,Call For Price,6 days ago
umm-al-quwain,i,41,"AED 550,000",6 days ago
fujairah,m,12121,Price hidden,2 days ago
dubai,l,1386,"AED 29,000",1 day ago
dubai,g,9543,"AED 29,000",1 day ago
dubai,b,2847,"AED 32,000",1 day ago
dubai,b,7983,"AED 32,000",1 day ago
dubai,q,8013,"AED 25,000",1 day ago
umm-al-quwain,m,11100,Price hidden,1 day ago
ajman,a,6067,"AED 15,500",1 day ago
dubai,e,347,"AED 530,000",1 day ago
dubai,w,1998,"AED 230,000",1 day ago
dubai,g,1945,"AED 85,000",1 day ago
dubai,f,9666,Price hidden,1 day ago
dubai,f,78888,"AED 185,000",1 day ago
dubai,c,1103,"AED 105,000",1 day ago
dubai,q,9211,"AED 40,000",1 day ago
dubai,h,20220,"AED 69,000",1 day ago
dubai,p,22020,"AED 69,000",1 day ago
dubai,b,82838,Call For Price,1 day ago
dubai,u,77008,"AED 19,900",1 day ago
dubai,n,30023,"AED 15,900",1 day ago
dubai,s,77808,"AED 9,900",1 day ago
dubai,r,80830,"AED 7,900",1 day ago
dubai,l,5286,"AED 20,500",1 day ago
fujairah,c,1987,"AED 25,000",1 day ago
ajman,b,1980,"AED 22,000",1 day ago
dubai,s,93746,"AED 3,000",1 day ago
dubai,x,91898,"AED 7,500",1 day ago
dubai,aa,80019,"AED 12,000",1 day ago
dubai,y,32010,"AED 10,000",1 day ago
dubai,b,81007,"AED 15,000",1 day ago
dubai,bb,13112,"AED 14,000",1 day ago
dubai,p,1242,"AED 50,000",1 day ago
sharjah,3,2167,Price hidden,5 days ago
dubai,a,21920,"AED 9,000",17 hours ago
dubai,a,40255,Call For Price,1 week ago
dubai,j,76776,"AED 39,500",2 days ago
dubai,k,53025,"AED 2,900",1 week ago
dubai,p,52626,"AED 23,000",8 hours ago
dubai,u,97897,"AED 9,500",4 days ago
sharjah,3,4574,"AED 19,000",1 day ago
dubai,d,21282,Call For Price,6 hours ago
dubai,s,46402,"AED 4,800",6 days ago
dubai,l,10904,"AED 7,500",1 day ago
dubai,u,40034,"AED 12,000",1 day ago
dubai,aa,11214,"AED 16,000",1 day ago
dubai,aa,23001,"AED 25,000",1 day ago
dubai,x,34535,"AED 7,500",1 day ago
dubai,y,30320,"AED 8,000",1 day ago
dubai,u,29211,"AED 7,500",1 day ago
dubai,x,60336,"AED 8,000",1 day ago
dubai,c,87765,"AED 15,000",1 day ago
dubai,g,21022,"AED 18,000",1 day ago
dubai,a,89996,"AED 60,000",1 day ago
dubai,v,60110,"AED 12,000",1 day ago
dubai,b,39392,"AED 17,000",1 day ago
dubai,z,98006,"AED 8,000",1 day ago
ras-al-khaimah,m,31111,"AED 55,000",1 day ago
dubai,cc,23033,"AED 10,000",1 day ago
ajman,b,7784,"AED 25,000",1 day ago
ajman,a,5339,"AED 25,000",1 day ago
ajman,c,2744,"AED 15,000",1 day ago
ajman,c,6448,"AED 15,000",1 day ago
ajman,d,3161,"AED 16,000",1 day ago
ajman,d,5528,"AED 15,000",1 day ago
ajman,h,88585,"AED 18,000",1 day ago
ajman,e,55656,"AED 18,000",1 day ago
ajman,e,55454,"AED 18,000",1 day ago
umm-al-quwain,b,4140,"AED 20,000",1 day ago
umm-al-quwain,i,4140,"AED 20,000",1 day ago
dubai,a,6866,"AED 285,000",1 day ago
dubai,a,4094,"AED 100,000",1 day ago
dubai,l,1833,"AED 40,000",1 day ago
dubai,n,1833,"AED 40,000",1 day ago
sharjah,3,57222,Call For Price,5 days ago
ras-al-khaimah,b,1114,"AED 80,000",6 days ago
dubai,s,75875,"AED 7,500",4 days ago
dubai,i,35036,Call For Price,1 day ago
dubai,k,9562,Call For Price,1 week ago
dubai,s,1883,"AED 88,888",3 days ago
sharjah,3,53000,"AED 180,000",1 week ago
ajman,a,43232,"AED 4,500",1 week ago
dubai,a,21920,"AED 9,000",17 hours ago
sharjah,3,13400,"AED 11,500",5 days ago
dubai,p,1833,"AED 40,000",1 day ago
dubai,q,1833,"AED 40,000",1 day ago
dubai,u,1833,"AED 40,000",1 day ago
dubai,i,35036,Call For Price,1 day ago
ajman,d,7862,"AED 34,000",1 day ago
ras-al-khaimah,z,619,"AED 150,000",1 day ago
ras-al-khaimah,x,918,"AED 145,000",1 day ago
umm-al-quwain,c,6306,"AED 12,000",1 day ago
dubai,q,23340,"AED 4,000",1 day ago
dubai,d,7083,"AED 27,500",1 day ago
sharjah,3,10555,"AED 20,000",1 day ago
dubai,e,60969,Price hidden,1 day ago
ras-al-khaimah,c,537,"AED 149,000",1 day ago
dubai,d,89858,"AED 7,000",1 day ago
dubai,d,97699,"AED 7,000",1 day ago
dubai,c,33634,"AED 7,000",1 day ago
dubai,n,44969,"AED 4,500",1 day ago
dubai,j,10511,"AED 12,000",1 day ago
dubai,g,24332,"AED 6,500",1 day ago
dubai,g,56335,"AED 6,500",1 day ago
dubai,g,87989,"AED 3,800",1 day ago
dubai,f,13361,"AED 7,000",1 day ago
dubai,e,47664,"AED 6,600",1 day ago
dubai,e,85578,"AED 6,600",1 day ago
dubai,e,25422,"AED 7,000",1 day ago
dubai,u,22302,"AED 9,000",1 day ago
dubai,o,40644,"AED 7,000",1 day ago
dubai,d,18861,"AED 7,000",1 day ago
dubai,m,18861,"AED 7,000",1 day ago
dubai,z,22652,"AED 7,000",1 day ago
dubai,z,15571,"AED 7,000",1 day ago
dubai,k,4864,"AED 35,000",1 week ago
dubai,c,7453,Call For Price,5 days ago
sharjah,3,55858,Price hidden,1 week ago
dubai,s,9898,"AED 215,000",1 week ago
dubai,s,1883,"AED 88,888",3 days ago
dubai,i,78888,"AED 183,000",4 days ago
sharjah,3,47477,"AED 29,500",5 days ago
sharjah,3,99022,"AED 13,000",5 days ago
dubai,a,91333,"AED 58,000",6 days ago
fujairah,r,820,Price hidden,1 week ago
dubai,x,18831,Price hidden,1 day ago
dubai,y,63446,"AED 6,500",1 day ago
dubai,v,23772,"AED 6,500",1 day ago
dubai,v,13341,"AED 10,000",1 day ago
dubai,v,94244,"AED 5,000",1 day ago
dubai,q,9411,"AED 45,000",1 day ago
fujairah,i,20009,"AED 24,900",1 day ago
dubai,j,76522,"AED 3,900",1 day ago
dubai,y,44000,Call For Price,1 day ago
dubai,b,49303,"AED 5,500",1 day ago
dubai,q,31138,"AED 7,500",1 day ago
abu-dhabi,9,97872,"AED 4,000",1 day ago
fujairah,i,33338,"AED 45,000",1 day ago
fujairah,c,509,"AED 110,000",1 day ago
fujairah,c,590,"AED 120,000",1 day ago
dubai,k,1474,"AED 45,000",1 day ago
dubai,f,1474,"AED 45,000",1 day ago
dubai,p,16999,"AED 29,900",1 day ago
dubai,j,10666,"AED 35,900",1 day ago
fujairah,s,44333,"AED 26,000",1 day ago
dubai,v,29111,"AED 39,000",1 day ago
fujairah,h,22001,"AED 19,000",1 day ago
umm-al-quwain,m,1115,"AED 49,900",1 day ago
dubai,o,59944,"AED 9,900",1 day ago
ras-al-khaimah,s,8881,"AED 65,000",1 day ago
umm-al-quwain,m,69999,"AED 59,000",1 day ago
fujairah,b,22211,"AED 27,000",1 day ago
fujairah,k,2728,"AED 15,000",1 day ago
umm-al-quwain,k,11119,"AED 58,000",1 day ago
umm-al-quwain,x,3221,"AED 19,500",1 day ago
umm-al-quwain,x,38899,"AED 13,000",1 day ago
umm-al-quwain,n,1103,"AED 19,900",1 day ago
dubai,t,60409,"AED 6,700",3 days ago
dubai,f,11615,"AED 7,000",1 week ago
dubai,l,6922,"AED 55,000",1 week ago
umm-al-quwain,i,8811,"AED 50,000",1 week ago
ras-al-khaimah,d,5777,"AED 47,000",1 week ago
dubai,b,49303,"AED 5,500",1 day ago
dubai,o,20308,Call For Price,1 week ago
dubai,v,10210,"AED 34,500",1 hour ago
dubai,e,17711,"AED 80,000",1 week ago
umm-al-quwain,i,44450,"AED 13,000",1 day ago
umm-al-quwain,l,22221,"AED 49,000",1 day ago
dubai,o,62322,"AED 5,999",1 day ago
dubai,p,45662,"AED 5,000",1 day ago
umm-al-quwain,l,2211,"AED 43,000",1 day ago
umm-al-quwain,e,9991,"AED 46,000",1 day ago
fujairah,s,1112,"AED 72,000",1 day ago
umm-al-quwain,d,551,"AED 199,000",1 day ago
fujairah,m,773,"AED 199,000",1 day ago
sharjah,3,96960,"AED 18,200",1 day ago
dubai,h,11715,"AED 21,000",1 day ago
dubai,o,33595,"AED 4,900",1 day ago
dubai,v,61629,"AED 3,900",1 day ago
dubai,x,64416,"AED 4,500",1 day ago
dubai,u,76680,"AED 3,900",1 day ago
dubai,cc,99589,"AED 4,500",1 day ago
dubai,r,19695,"AED 3,500",1 day ago
dubai,n,64163,"AED 3,900",1 day ago
dubai,dd,33238,"AED 4,900",1 day ago
dubai,dd,11715,"AED 6,900",1 day ago
dubai,v,6083,"AED 22,900",1 day ago
dubai,x,82131,"AED 3,900",1 day ago
dubai,x,62131,"AED 3,900",1 day ago
dubai,bb,43008,"AED 5,900",1 day ago
dubai,cc,48050,"AED 3,900",1 day ago
dubai,bb,68646,"AED 5,900",1 day ago
dubai,aa,98975,"AED 4,900",1 day ago
dubai,k,50390,"AED 3,900",1 day ago
dubai,f,9944,"AED 160,000",1 day ago
dubai,r,6699,"AED 300,000",1 day ago
dubai,b,70544,"AED 4,500",1 day ago
dubai,b,33907,"AED 4,500",1 day ago
dubai,d,66006,"AED 72,000",4 days ago
dubai,dd,66861,"AED 4,500",1 week ago
ras-al-khaimah,b,65556,"AED 30,000",6 days ago
dubai,t,78011,"AED 10,000",1 week ago
dubai,e,17711,"AED 80,000",1 week ago
ras-al-khaimah,n,5444,"AED 65,000",1 week ago
ajman,k,9390,"AED 14,900",1 week ago
abu-dhabi,11,2060,"AED 139,000",4 days ago
dubai,f,1474,"AED 45,000",1 day ago
dubai,b,41459,"AED 4,500",1 day ago
dubai,b,23298,"AED 4,500",1 day ago
dubai,b,41377,"AED 4,500",1 day ago
dubai,b,41281,"AED 4,500",1 day ago
dubai-classic,noc,2123,"AED 17,000",1 day ago
dubai-classic,noc,2308,"AED 4,500",1 day ago
dubai-classic,noc,94494,"AED 5,500",1 day ago
dubai-classic,noc,49449,"AED 5,000",1 day ago
dubai-classic,noc,44949,"AED 5,000",1 day ago
dubai-classic,noc,44848,"AED 5,000",1 day ago
dubai-classic,noc,46646,"AED 5,000",1 day ago
dubai-classic,noc,14100,"AED 4,500",1 day ago
dubai-classic,noc,16100,"AED 4,500",1 day ago
dubai-classic,noc,51100,"AED 4,500",1 day ago
dubai-classic,noc,55011,"AED 4,500",1 day ago
dubai-classic,noc,70200,"AED 4,500",1 day ago
dubai-classic,noc,70900,"AED 4,500",1 day ago
dubai-classic,noc,98700,"AED 3,500",1 day ago
dubai-classic,noc,87600,"AED 3,500",1 day ago
dubai-classic,noc,76500,"AED 3,500",1 day ago
dubai-classic,noc,65400,"AED 3,500",1 day ago
dubai-classic,noc,14140,"AED 3,500",1 day ago
dubai,h,89804,"AED 2,900",1 day ago
dubai,k,16125,"AED 2,900",1 day ago
dubai,n,46163,"AED 2,900",1 day ago
dubai,q,38782,"AED 2,900",1 day ago
dubai,i,45751,"AED 2,900",1 day ago
dubai,k,58594,"AED 2,900",1 day ago
dubai-classic,noc,91140,"AED 3,500",1 day ago
dubai-classic,noc,11400,"AED 3,500",1 day ago
dubai-classic,noc,99977,"AED 14,900",1 day ago
dubai-classic,noc,6808,"AED 3,900",1 day ago
dubai,c,7453,Call For Price,5 days ago
ajman,b,7394,"AED 6,000",1 week ago
ras-al-khaimah,y,4005,"AED 75,000",6 days ago
sharjah,3,46669,"AED 15,500",5 days ago
abu-dhabi,15,55665,"AED 87,000",1 week ago
umm-al-quwain,x,877,Price hidden,2 days ago
ras-al-khaimah,b,35151,"AED 9,000",23 hours ago
dubai,n,5165,"AED 35,500",1 week ago
umm-al-quwain,b,23999,Call For Price,5 days ago
sharjah,3,2315,"AED 15,500",5 days ago
dubai-classic,noc,3037,"AED 3,900",1 day ago
dubai-classic,noc,5058,"AED 3,900",1 day ago
ras-al-khaimah,z,9096,"AED 19,900",1 day ago
fujairah,e,77786,"AED 12,900",1 day ago
umm-al-quwain,b,78866,"AED 12,900",1 day ago
dubai,h,18718,"AED 11,000",1 day ago
fujairah,s,99000,Price hidden,1 day ago
fujairah,k,2222,Price hidden,1 day ago
ajman,d,65554,"AED 18,500",1 day ago
umm-al-quwain,b,482,"AED 115,000",1 day ago
dubai,a,11521,"AED 22,000",1 day ago
dubai,i,577,Call For Price,1 day ago
dubai,n,631,Call For Price,1 day ago
dubai,o,273,Call For Price,1 day ago
dubai,x,181,Call For Price,1 day ago
dubai,j,155,Call For Price,1 day ago
dubai,r,11100,"AED 450,000",1 day ago
dubai,y,6600,"AED 450,000",1 day ago
dubai,aa,30195,"AED 4,000",1 day ago
dubai,aa,91420,"AED 3,500",1 day ago
dubai,bb,37116,"AED 4,500",1 day ago
dubai,r,18092,"AED 5,500",1 day ago
dubai,q,1633,"AED 40,000",1 day ago
dubai,t,1633,"AED 40,000",1 day ago
dubai,u,1633,"AED 40,000",1 day ago
umm-al-quwain,m,7700,Call For Price,1 week ago
dubai,f,2,"AED 40,000",1 day ago
abu-dhabi,6,88488,"AED 150,000",1 week ago
dubai,a,45644,Price hidden,6 days ago
dubai,n,1761,"AED 60,000",1 day ago
umm-al-quwain,i,11223,"AED 11,000",1 week ago
dubai,j,19111,"AED 200,000",1 week ago
dubai,w,87083,"AED 3,200",1 week ago
dubai,n,50055,"AED 60,000",1 week ago
umm-al-quwain,f,6006,Call For Price,1 week ago
dubai,n,3174,"AED 22,500",1 day ago
dubai,t,6092,"AED 22,500",1 day ago
dubai,t,8072,"AED 22,500",1 day ago
dubai,t,9054,"AED 22,500",1 day ago
dubai,j,5803,"AED 22,500",1 day ago
dubai,i,4976,"AED 21,900",1 day ago
dubai,o,5692,"AED 21,900",1 day ago
dubai,j,4751,"AED 21,900",1 day ago
dubai,u,5798,"AED 20,900",1 day ago
dubai,l,8974,"AED 20,900",1 day ago
dubai,g,17312,"AED 2,300",1 day ago
dubai,aa,18531,"AED 2,400",1 day ago
dubai,m,35875,"AED 2,000",1 day ago
dubai,a,86810,"AED 13,500",1 day ago
dubai,x,77813,"AED 2,400",1 day ago
dubai,q,29459,"AED 1,900",1 day ago
dubai,q,7269,"AED 20,500",1 day ago
dubai,p,7235,"AED 20,500",1 day ago
dubai,o,68208,"AED 2,000",1 day ago
dubai,q,77198,"AED 2,300",1 day ago
dubai,n,87762,"AED 2,900",1 day ago
dubai,l,38636,"AED 2,900",1 day ago
dubai,b,45862,"AED 2,900",1 day ago
dubai,l,98609,"AED 2,500",1 day ago
dubai,x,96155,"AED 2,200",1 day ago
dubai,q,31234,"AED 15,900",1 day ago
dubai,u,99664,"AED 13,900",1 day ago
dubai,q,96964,"AED 10,900",1 day ago
dubai,c,11713,"AED 9,900",1 day ago
dubai,g,34348,"AED 9,500",1 day ago
dubai,v,28826,"AED 5,500",1 day ago
dubai,b,88423,"AED 5,000",1 day ago
sharjah,3,55519,"AED 15,500",1 week ago
umm-al-quwain,f,6000,"AED 165,000",1 week ago
fujairah,r,820,Price hidden,1 week ago
umm-al-quwain,m,10101,"AED 67,000",1 week ago
ras-al-khaimah,b,3911,"AED 50,000",1 week ago
dubai,v,70066,"AED 21,500",3 days ago
dubai,v,61191,Call For Price,6 days ago
dubai,f,2,"AED 40,000",1 day ago
dubai,bb,80065,"AED 12,000",1 week ago
umm-al-quwain,j,8080,Price hidden,1 week ago
dubai,c,37793,"AED 4,900",1 day ago
dubai,c,25772,"AED 4,900",1 day ago
dubai,aa,46119,"AED 4,500",1 day ago
dubai,dd,62667,"AED 4,500",1 day ago
dubai,bb,47277,"AED 4,500",1 day ago
dubai,b,94227,"AED 4,500",1 day ago
dubai,bb,93020,"AED 4,500",1 day ago
dubai,bb,96639,"AED 4,000",1 day ago
dubai,bb,74644,"AED 4,000",1 day ago
dubai,m,82129,"AED 4,000",1 day ago
dubai,z,42410,"AED 4,000",1 day ago
dubai,u,36323,"AED 2,900",1 day ago
dubai,b,31622,"AED 3,900",1 day ago
dubai,b,56806,"AED 3,900",1 day ago
dubai,b,56359,"AED 3,500",1 day ago
dubai,u,49334,"AED 3,000",1 day ago
dubai,b,67028,"AED 3,000",1 day ago
dubai,aa,56528,"AED 2,900",1 day ago
dubai,aa,28687,"AED 2,900",1 day ago
dubai,p,8681,"AED 40,000",1 day ago
dubai,n,8681,"AED 40,000",1 day ago
umm-al-quwain,j,23111,"AED 15,000",1 day ago
umm-al-quwain,b,9599,"AED 30,000",1 day ago
dubai,p,77157,"AED 5,900",1 day ago
dubai,z,78161,"AED 7,800",1 day ago
dubai,cc,22127,"AED 5,000",1 day ago
ajman,a,8914,"AED 9,600",1 day ago
ajman,a,5721,"AED 9,600",1 day ago
ajman,b,2687,"AED 6,500",1 day ago
dubai,n,8861,"AED 40,000",1 day ago
dubai,v,8861,"AED 40,000",1 day ago
abu-dhabi,14,2120,"AED 105,000",1 day ago
dubai,s,8156,"AED 24,000",1 week ago
dubai,v,3921,"AED 26,000",1 week ago
dubai,v,15859,"AED 2,700",2 days ago
dubai,r,3378,"AED 50,000",11 hours ago
dubai,u,2400,"AED 145,000",1 week ago
dubai,m,4099,"AED 59,500",1 week ago
sharjah,3,41011,"AED 12,000",5 days ago
fujairah,a,6416,"AED 38,000",5 days ago
fujairah,l,10111,"AED 150,000",1 week ago
sharjah,3,78088,"AED 13,000",5 days ago
ras-al-khaimah,c,2025,"AED 55,000",1 day ago
ras-al-khaimah,n,2025,"AED 55,000",1 day ago
umm-al-quwain,b,9911,"AED 55,000",1 day ago
ras-al-khaimah,c,66969,"AED 21,000",1 day ago
umm-al-quwain,b,98989,"AED 27,000",1 day ago
fujairah,j,77077,"AED 50,000",1 day ago
fujairah,i,44044,"AED 45,000",1 day ago
dubai,l,4516,"AED 23,000",1 day ago
dubai,k,4376,"AED 21,000",1 day ago
dubai,h,4414,"AED 125,000",1 day ago
umm-al-quwain,d,8800,"AED 60,000",1 day ago
umm-al-quwain,n,8800,"AED 60,000",1 day ago
umm-al-quwain,k,9990,"AED 60,000",1 day ago
umm-al-quwain,n,9990,"AED 60,000",1 day ago
umm-al-quwain,x,6090,"AED 35,000",1 day ago
umm-al-quwain,i,2525,"AED 35,000",1 day ago
umm-al-quwain,b,69996,"AED 37,000",1 day ago
umm-al-quwain,b,96969,"AED 31,000",1 day ago
umm-al-quwain,b,74444,"AED 37,000",1 day ago
umm-al-quwain,b,22299,"AED 20,000",1 day ago
umm-al-quwain,m,90000,"AED 185,000",1 day ago
umm-al-quwain,m,11110,"AED 100,000",1 day ago
umm-al-quwain,c,11010,"AED 40,000",1 day ago
umm-al-quwain,e,11010,"AED 40,000",1 day ago
dubai,h,11165,"AED 35,000",1 day ago
dubai,g,5453,"AED 40,000",1 day ago
dubai,aa,33513,"AED 4,900",1 day ago
dubai,j,21216,"AED 9,900",1 day ago
dubai,e,44438,"AED 27,500",1 day ago
dubai,i,23413,"AED 4,500",1 day ago
dubai,k,88300,"AED 19,000",1 day ago
dubai,s,6031,"AED 24,500",1 day ago
dubai,v,5016,"AED 30,000",1 week ago
dubai,c,7453,Call For Price,5 days ago
umm-al-quwain,b,2389,"AED 10,000",3 days ago
ras-al-khaimah,n,5508,"AED 12,900",1 week ago
dubai,r,22767,Call For Price,4 days ago
abu-dhabi,2,13121,"AED 71,000",4 days ago
ras-al-khaimah,i,9606,Call For Price,1 week ago
sharjah,3,3775,Call For Price,1 week ago
umm-al-quwain,c,11222,Price hidden,1 week ago
abu-dhabi,50,16635,"AED 2,000",5 days ago
dubai,t,6031,"AED 23,000",1 day ago
dubai,u,6031,"AED 23,000",1 day ago
dubai,s,4079,"AED 22,500",1 day ago
dubai,t,9067,"AED 22,000",1 day ago
dubai,u,7091,"AED 21,500",1 day ago
dubai,u,5071,"AED 21,500",1 day ago
dubai,a,69916,"AED 19,000",1 day ago
dubai,cc,71011,"AED 17,000",1 day ago
dubai,a,66390,"AED 14,500",1 day ago
dubai,a,66290,"AED 14,500",1 day ago
dubai,cc,69909,"AED 12,500",1 day ago
dubai,b,32993,"AED 9,000",1 day ago
dubai,b,22826,"AED 9,000",1 day ago
dubai,c,24229,"AED 7,000",1 day ago
dubai,b,77537,"AED 7,000",1 day ago
dubai,n,63655,"AED 6,000",1 day ago
dubai,i,63655,"AED 6,000",1 day ago
dubai,a,55909,"AED 19,500",1 day ago
fujairah,i,252,"AED 140,000",1 day ago
fujairah,g,11100,"AED 75,000",1 day ago
fujairah,c,11000,"AED 150,000",1 day ago
fujairah,e,50550,"AED 25,000",1 day ago
fujairah,s,55050,"AED 25,000",1 day ago
fujairah,b,22020,"AED 25,000",1 day ago
fujairah,s,9119,"AED 55,000",1 day ago
fujairah,h,20202,"AED 47,000",1 day ago
fujairah,m,2024,"AED 30,000",1 day ago
fujairah,s,2024,"AED 30,000",1 day ago
fujairah,g,2023,"AED 30,000",1 day ago
fujairah,b,2021,"AED 30,000",1 day ago
fujairah,e,8000,"AED 180,000",1 day ago
fujairah,s,149,"AED 115,000",1 day ago
umm-al-quwain,b,33733,"AED 28,000",2 days ago
dubai,t,60409,"AED 6,700",3 days ago
dubai,j,45645,"AED 8,200",9 hours ago
dubai,u,97897,"AED 9,500",4 days ago
sharjah,3,14300,"AED 11,500",5 days ago
dubai,cc,98586,"AED 3,200",1 week ago
abu-dhabi,11,2060,"AED 139,000",4 days ago
umm-al-quwain,i,11223,"AED 11,000",1 week ago
sharjah,3,46669,"AED 15,500",5 days ago
fujairah,c,440,"AED 170,000",1 day ago
ajman,h,552,"AED 130,000",1 day ago
fujairah,r,880,"AED 180,000",1 day ago
fujairah,e,737,"AED 135,000",1 day ago
dubai,j,77980,"AED 4,200",1 day ago
dubai,a,43737,"AED 25,000",1 day ago
dubai,v,52210,"AED 4,000",1 day ago
dubai,aa,3333,"AED 1,750,000",1 day ago
dubai,t,40000,"AED 799,000",1 day ago
dubai,j,842,"AED 525,000",1 day ago
dubai,j,942,"AED 490,000",1 day ago
dubai,v,77775,"AED 199,000",1 day ago
fujairah,b,744,"AED 185,000",1 day ago
dubai,f,33777,"AED 85,000",1 day ago
dubai,h,9002,"AED 80,000",1 day ago
dubai,f,4110,"AED 68,000",1 day ago
dubai,c,6255,"AED 60,000",1 day ago
dubai,o,40440,"AED 53,000",1 day ago
dubai,n,44040,"AED 52,000",1 day ago
dubai,p,6770,"AED 47,000",1 day ago
dubai,t,51151,"AED 45,000",1 day ago
dubai,a,13115,"AED 37,000",1 day ago
dubai,b,55592,"AED 37,000",1 day ago
dubai,h,5772,"AED 35,000",1 day ago
dubai,r,8839,"AED 35,000",1 day ago
dubai,k,1894,"AED 28,000",1 day ago
dubai,d,6237,"AED 27,000",1 day ago
dubai,h,2173,"AED 22,500",1 day ago
fujairah,m,2110,"AED 19,500",1 day ago
fujairah,g,1330,"AED 18,000",1 day ago
dubai,p,9631,"AED 32,000",8 hours ago
dubai,w,87083,"AED 3,200",1 week ago
ajman,f,875,"AED 100,000",1 week ago
dubai,z,51665,"AED 8,000",5 days ago
dubai,z,84886,"AED 5,500",1 week ago
sharjah,3,7717,"AED 120,000",5 days ago
dubai,j,76776,"AED 39,500",2 days ago
abu-dhabi,10,5446,"AED 128,500",1 day ago
umm-al-quwain,x,11311,Price hidden,1 week ago
ajman,c,7289,"AED 7,000",2 days ago
fujairah,k,7005,"AED 21,000",1 day ago
fujairah,g,9606,"AED 14,000",1 day ago
fujairah,c,1019,"AED 17,500",1 day ago
fujairah,i,7740,"AED 14,000",1 day ago
umm-al-quwain,i,7712,"AED 12,500",1 day ago
fujairah,b,1959,"AED 17,000",1 day ago
fujairah,d,2880,"AED 16,500",1 day ago
fujairah,g,2880,"AED 16,500",1 day ago
fujairah,b,2199,"AED 16,000",1 day ago
fujairah,s,3999,"AED 51,000",1 day ago
ras-al-khaimah,k,5511,Call For Price,1 day ago
ras-al-khaimah,k,6611,Call For Price,1 day ago
dubai,l,7377,"AED 112,000",1 day ago
dubai,f,2,"AED 40,000",1 day ago
dubai,p,8380,"AED 40,000",1 day ago
dubai,q,8380,"AED 40,000",1 day ago
dubai,u,8380,"AED 40,000",1 day ago
abu-dhabi,11,22207,"AED 69,500",1 day ago
fujairah,c,22202,"AED 53,000",1 day ago
ras-al-khaimah,c,70111,"AED 17,500",1 day ago
ras-al-khaimah,x,212,"AED 250,000",1 day ago
fujairah,b,220,"AED 199,000",1 day ago
fujairah,c,11117,"AED 59,500",1 day ago
sharjah,3,22282,"AED 89,000",1 day ago
dubai,x,13000,"AED 389,000",1 day ago
dubai,y,18000,"AED 385,000",1 day ago
dubai,h,51111,"AED 235,000",1 day ago
dubai,i,55655,"AED 145,000",1 day ago
dubai,t,71119,"AED 32,500",1 day ago
ras-al-khaimah,c,30010,"AED 15,000",1 week ago
ras-al-khaimah,b,8,"AED 53,000",1 week ago
dubai,e,79772,"AED 7,500",1 week ago
ras-al-khaimah,n,1112,Call For Price,5 days ago
sharjah,3,72022,"AED 14,500",6 days ago
dubai,n,57175,"AED 22,000",3 days ago
dubai,n,63633,"AED 41,000",1 week ago
dubai,q,79898,"AED 12,500",1 week ago
fujairah,i,226,"AED 155,000",1 week ago
dubai,v,51144,"AED 13,000",3 days ago
dubai,q,21115,"AED 32,500",1 day ago
dubai,v,55504,"AED 29,500",1 day ago
dubai,l,77704,"AED 29,500",1 day ago
dubai,a,12516,"AED 23,500",1 day ago
dubai,p,55504,"AED 29,500",1 day ago
sharjah,3,1473,"AED 18,000",1 day ago
sharjah,3,96939,"AED 9,500",1 day ago
umm-al-quwain,n,110,"AED 260,000",1 day ago
umm-al-quwain,c,166,"AED 150,000",1 day ago
umm-al-quwain,b,779,"AED 138,000",1 day ago
umm-al-quwain,e,654,"AED 120,000",1 day ago
umm-al-quwain,x,138,"AED 115,000",1 day ago
ajman,c,55455,"AED 35,000",1 day ago
abu-dhabi,7,89807,"AED 5,500",1 day ago
ajman,a,50045,"AED 9,000",1 day ago
dubai,aa,69981,"AED 3,000",1 day ago
sharjah,3,19933,"AED 17,000",1 day ago
fujairah,i,11021,Call For Price,1 day ago
fujairah,m,19909,Call For Price,1 day ago
fujairah,c,66544,Call For Price,1 day ago
umm-al-quwain,c,911,Call For Price,1 day ago
ajman,f,746,"AED 105,000",1 day ago
ras-al-khaimah,z,758,Call For Price,1 day ago
fujairah,j,55000,"AED 120,000",1 day ago
fujairah,j,77000,"AED 90,000",1 day ago
umm-al-quwain,x,19993,"AED 17,000",1 day ago
dubai,b,31995,Call For Price,1 day ago
dubai,c,9454,Call For Price,1 day ago
dubai,u,88183,Call For Price,1 day ago
dubai,x,82268,"AED 5,200",1 day ago
dubai,p,88020,"AED 8,800",1 day ago
dubai,l,2867,"AED 22,000",1 day ago
ras-al-khaimah,b,56665,"AED 30,000",6 days ago
sharjah,3,81880,"AED 15,000",1 week ago
dubai,v,93329,"AED 4,900",6 days ago
umm-al-quwain,i,8811,"AED 50,000",1 week ago
sharjah,4,9991,"AED 130,000",4 days ago
dubai,w,10377,"AED 4,600",1 week ago
dubai,i,55502,Price hidden,6 days ago
ras-al-khaimah,n,5444,"AED 65,000",1 week ago
sharjah,3,78798,"AED 11,500",5 days ago
dubai,v,7034,"AED 25,200",1 day ago
umm-al-quwain,x,10070,"AED 13,800",1 day ago
dubai,k,1733,"AED 40,000",1 day ago
dubai,l,1733,"AED 40,000",1 day ago
dubai,n,1733,"AED 40,000",1 day ago
dubai,p,1733,"AED 40,000",1 day ago
dubai,t,1733,"AED 40,000",1 day ago
dubai,u,1733,"AED 40,000",1 day ago
dubai,a,76171,Price hidden,1 day ago
dubai,j,4,"AED 3,300",1 day ago
dubai,n,2820,"AED 40,000",1 day ago
dubai,q,2820,"AED 40,000",1 day ago
dubai,t,2820,"AED 40,000",1 day ago
dubai,v,2820,"AED 40,000",1 day ago
dubai,q,8680,"AED 40,000",1 day ago
dubai,t,8680,"AED 40,000",1 day ago
dubai,u,8680,"AED 40,000",1 day ago
dubai,n,2720,"AED 40,000",1 day ago
dubai,p,2720,"AED 40,000",1 day ago
dubai,u,2720,"AED 40,000",1 day ago
dubai,z,169,"AED 890,000",1 day ago
dubai,l,7786,"AED 79,000",1 day ago
dubai,v,3445,"AED 79,000",1 day ago
dubai,v,711,"AED 1,100,000",1 day ago
dubai,z,771,"AED 1,100,000",1 day ago
dubai,w,1223,"AED 169,000",1 day ago
dubai,w,1123,"AED 179,000",1 day ago
dubai,v,5154,"AED 32,900",1 day ago
dubai,r,5451,"AED 32,900",1 day ago
dubai,j,45645,"AED 8,200",9 hours ago
dubai,q,88787,"AED 40,000",1 week ago
dubai,dd,66861,"AED 4,500",1 week ago
dubai,h,2000,"AED 1,200,000",6 days ago
dubai,e,17711,"AED 80,000",1 week ago
ajman,c,7289,"AED 7,000",2 days ago
dubai,q,85040,"AED 5,300",1 week ago
sharjah,3,12110,"AED 15,000",5 days ago
umm-al-quwain,n,10001,Call For Price,2 days ago
dubai,r,6165,"AED 32,900",1 day ago
dubai,v,6167,"AED 32,900",1 day ago
dubai,u,9691,"AED 32,900",1 day ago
dubai,n,1761,"AED 60,000",1 day ago
sharjah,3,23450,"AED 37,000",1 day ago
dubai,v,93439,"AED 14,900",1 day ago
dubai,t,93439,"AED 14,900",1 day ago
dubai,u,93439,"AED 14,900",1 day ago
ras-al-khaimah,s,54325,"AED 14,900",1 day ago
sharjah,3,883,"AED 479,000",1 day ago
sharjah,3,9180,"AED 24,900",1 day ago
sharjah,3,72727,"AED 75,000",1 day ago
sharjah,3,2813,"AED 15,900",1 day ago
sharjah,3,3512,"AED 15,900",1 day ago
sharjah,3,3812,"AED 15,900",1 day ago
sharjah,3,4185,"AED 15,900",1 day ago
sharjah,3,5176,"AED 15,900",1 day ago
sharjah,3,7124,"AED 15,900",1 day ago
sharjah,3,6192,"AED 15,900",1 day ago
umm-al-quwain,d,75475,"AED 4,900",1 day ago
sharjah,3,3720,"AED 16,900",1 day ago
sharjah,3,5190,"AED 16,900",1 day ago
sharjah,3,7102,"AED 16,900",1 day ago
sharjah,3,9103,"AED 16,900",1 day ago
sharjah,3,1347,"AED 17,900",1 day ago
sharjah,3,1358,"AED 17,900",1 day ago
sharjah,3,37222,"AED 14,900",1 day ago
sharjah,3,6684,"AED 22,500",1 day ago
abu-dhabi,11,67884,"AED 5,500",1 day ago
abu-dhabi,10,10227,"AED 8,500",1 day ago
abu-dhabi,9,56077,"AED 7,500",1 day ago
dubai,dd,66861,"AED 4,500",1 week ago
umm-al-quwain,x,877,Price hidden,2 days ago
dubai,q,40014,"AED 16,000",1 week ago
dubai,g,11226,"AED 16,000",2 days ago
ajman,b,3210,"AED 30,000",1 week ago
dubai-classic,noc,7898,"AED 5,300",4 days ago
dubai,b,35220,"AED 4,750",2 days ago
dubai,b,76514,"AED 19,000",1 week ago
ras-al-khaimah,b,8398,Price hidden,1 day ago
sharjah,3,9309,"AED 30,000",1 day ago
ajman,d,67776,"AED 30,000",1 day ago
umm-al-quwain,d,90099,"AED 24,000",1 day ago
dubai,u,30786,"AED 4,500",1 day ago
ajman,b,60806,Call For Price,1 day ago
ajman,a,60806,Call For Price,1 day ago
ajman,d,46444,Call For Price,1 day ago
ajman,e,84848,Call For Price,1 day ago
umm-al-quwain,b,99,"AED 27,000",1 day ago
dubai,t,97,"AED 4,500",1 day ago
dubai,aa,73,"AED 4,200",1 day ago
dubai,j,33386,"AED 24,000",1 day ago
dubai,s,6453,"AED 31,500",1 day ago
dubai,x,67966,"AED 6,000",1 day ago
dubai,u,41464,"AED 6,500",1 day ago
dubai,q,41464,"AED 6,500",1 day ago
dubai,q,39839,"AED 8,000",1 day ago
dubai,j,38332,"AED 6,000",1 day ago
dubai,x,75560,"AED 3,500",1 day ago
dubai,s,18847,"AED 2,800",1 day ago
ajman,k,80880,"AED 30,000",1 day ago
ajman,b,8947,"AED 7,500",1 day ago
dubai,i,47470,"AED 30,000",1 day ago
dubai,q,8736,"AED 20,000",1 day ago
dubai,i,8736,"AED 22,000",1 day ago
dubai,h,8592,"AED 21,000",1 day ago
dubai,r,4851,"AED 21,000",1 day ago
fujairah,s,1030,Call For Price,1 day ago
fujairah,k,1090,Call For Price,1 day ago
dubai,k,4869,Call For Price,1 week ago
dubai,f,2,"AED 40,000",1 day ago
fujairah,r,9690,"AED 15,000",5 days ago
ajman,h,21010,"AED 12,400",1 week ago
dubai,g,82228,"AED 115,000",2 days ago
dubai,r,3378,"AED 50,000",11 hours ago
dubai,u,97897,"AED 9,500",4 days ago
dubai,v,51144,"AED 13,000",3 days ago
dubai,s,36633,"AED 45,000",5 days ago
abu-dhabi,15,8808,"AED 185,000",1 day ago
fujairah,j,1413,Call For Price,1 day ago
fujairah,j,1415,"AED 18,000",1 day ago
fujairah,j,1718,"AED 18,000",1 day ago
fujairah,j,1819,"AED 18,000",1 day ago
fujairah,r,5543,"AED 15,000",1 day ago
fujairah,g,8678,"AED 15,000",1 day ago
fujairah,d,32111,"AED 18,000",1 day ago
umm-al-quwain,b,22266,"AED 18,000",1 day ago
umm-al-quwain,b,77555,"AED 18,000",1 day ago
umm-al-quwain,b,55577,"AED 18,000",1 day ago
umm-al-quwain,d,1009,"AED 27,000",1 day ago
umm-al-quwain,d,1023,Call For Price,1 day ago
umm-al-quwain,b,1045,Call For Price,1 day ago
dubai,e,9830,"AED 45,000",1 day ago
dubai,y,30113,"AED 15,000",1 day ago
dubai,b,33320,Call For Price,1 day ago
dubai,s,4549,"AED 35,000",1 day ago
dubai,n,3525,"AED 35,000",1 day ago
fujairah,g,98998,"AED 16,000",1 day ago
ajman,f,92929,"AED 28,000",1 day ago
sharjah,3,2065,"AED 22,500",1 day ago
abu-dhabi,12,16693,"AED 3,000",1 day ago
abu-dhabi,16,34557,"AED 3,000",1 day ago
abu-dhabi,16,19610,"AED 3,000",1 day ago
abu-dhabi,50,122,Call For Price,1 day ago
dubai,a,2028,"AED 400,000",1 week ago
sharjah,4,7007,"AED 209,000",6 days ago
dubai,b,90019,"AED 26,000",1 week ago
fujairah,c,8805,"AED 22,000",1 week ago
dubai,t,60409,"AED 6,700",3 days ago
umm-al-quwain,d,90099,"AED 24,000",1 day ago
sharjah,3,3775,Call For Price,1 week ago
sharjah,3,81880,"AED 15,000",1 week ago
umm-al-quwain,x,38383,"AED 19,500",4 days ago
dubai,c,71222,"AED 32,000",1 day ago
dubai,m,53513,"AED 4,500",1 day ago
dubai,i,13233,"AED 9,000",1 day ago
abu-dhabi,50,1022,Price hidden,1 day ago
dubai,l,9816,Call For Price,1 day ago
abu-dhabi,14,555,"AED 122,000",1 day ago
dubai,l,55656,"AED 42,000",1 day ago
dubai,v,3422,"AED 34,000",1 day ago
umm-al-quwain,b,3700,"AED 29,000",1 day ago
dubai,d,26444,"AED 27,000",1 day ago
dubai,z,10345,"AED 16,900",1 day ago
dubai,p,1997,"AED 11,000",1 day ago
dubai,aa,1,"AED 10,700",1 day ago
dubai,n,36066,"AED 9,900",1 day ago
dubai,v,74003,"AED 6,000",1 day ago
dubai,o,4,"AED 2,500",1 day ago
dubai,s,76876,"AED 12,000",1 day ago
dubai,x,30443,"AED 7,500",1 day ago
dubai,y,40554,"AED 7,000",1 day ago
dubai,aa,40554,"AED 12,000",1 day ago
dubai,x,12388,"AED 15,000",1 day ago
dubai,e,12388,"AED 15,000",1 day ago
dubai,b,24640,"AED 7,000",1 day ago
dubai,v,34535,"AED 7,000",1 day ago
dubai,bb,61911,"AED 15,000",1 day ago
dubai,l,19944,"AED 18,000",1 day ago
dubai,v,10710,"AED 28,000",1 day ago
dubai,x,13010,"AED 18,000",1 day ago
dubai,h,35350,"AED 20,000",1 day ago
ajman,b,38088,"AED 6,000",1 week ago
sharjah,3,66624,"AED 16,500",5 days ago
umm-al-quwain,m,10101,"AED 67,000",1 week ago
dubai,n,1138,"AED 39,500",4 days ago
dubai,i,7677,"AED 118,000",5 days ago
dubai,n,11065,"AED 5,500",5 days ago
dubai,v,9878,"AED 47,000",4 days ago
ras-al-khaimah,c,6666,"AED 650,000",1 week ago
dubai,y,70065,"AED 10,000",1 day ago
dubai,j,9230,"AED 25,000",1 day ago
dubai,u,16101,"AED 14,000",1 day ago
dubai,t,64611,"AED 7,500",1 day ago
dubai,z,10230,"AED 25,000",1 day ago
dubai,cc,19870,"AED 16,000",1 day ago
dubai,m,81282,"AED 8,000",1 day ago
dubai,c,70676,"AED 10,000",1 day ago
sharjah,3,29029,Call For Price,1 day ago
sharjah,3,1030,Call For Price,1 day ago
ajman,a,71767,Price hidden,1 day ago
dubai,p,21182,"AED 5,900",1 day ago
dubai,g,35373,"AED 4,900",1 day ago
dubai,p,76680,"AED 3,900",1 day ago
dubai,dd,63988,"AED 3,200",1 day ago
dubai,t,56456,"AED 8,500",1 day ago
dubai,r,9921,"AED 60,000",1 day ago
dubai,l,6339,"AED 45,000",1 day ago
dubai,p,9392,"AED 45,000",1 day ago
dubai,n,9220,"AED 40,000",1 day ago
dubai,u,9220,"AED 40,000",1 day ago
dubai,n,7550,"AED 40,000",1 day ago
dubai,u,7550,"AED 40,000",1 day ago
dubai,v,2301,"AED 40,000",1 day ago
dubai,v,2310,"AED 40,000",1 day ago
dubai,t,2103,"AED 40,000",1 day ago
dubai,n,1292,"AED 40,000",1 day ago
dubai,x,16159,"AED 3,900",1 day ago
dubai,m,3330,Call For Price,1 day ago
dubai,t,4040,Call For Price,1 day ago
dubai,m,2626,"AED 190,000",1 day ago
dubai,n,2626,"AED 190,000",1 day ago
umm-al-quwain,f,6000,"AED 165,000",1 week ago
dubai,n,34444,"AED 170,000",5 days ago
dubai,i,97039,"AED 3,500",6 days ago
umm-al-quwain,f,6006,Call For Price,1 week ago
dubai,g,82228,"AED 115,000",2 days ago
abu-dhabi,17,77708,"AED 79,500",21 hours ago
dubai,j,76776,"AED 39,500",2 days ago
ras-al-khaimah,x,88801,"AED 19,500",1 week ago
dubai,b,34404,Call For Price,1 week ago
dubai,e,66785,"AED 10,000",6 hours ago
dubai,r,5505,"AED 185,000",1 day ago
dubai,w,1120,"AED 120,000",1 day ago
dubai,h,2626,"AED 190,000",1 day ago
dubai,v,201,"AED 850,000",1 day ago
dubai,p,40044,"AED 60,000",1 day ago
dubai,v,20440,"AED 10,000",1 day ago
dubai,k,1114,"AED 225,000",1 day ago
dubai,o,11119,"AED 225,000",1 day ago
dubai,j,7100,"AED 162,000",1 day ago
dubai,c,43346,"AED 15,000",1 day ago
dubai,c,25844,Price hidden,1 day ago
abu-dhabi,18,33033,Price hidden,1 day ago
dubai,p,76607,"AED 6,999",1 day ago
dubai,q,2743,"AED 20,900",1 day ago
dubai,n,4259,"AED 20,900",1 day ago
dubai,r,11019,"AED 22,000",1 day ago
dubai,x,43423,"AED 6,500",1 day ago
dubai,z,19015,"AED 6,500",1 day ago
dubai,j,20057,"AED 7,500",1 day ago
dubai,bb,12377,"AED 14,000",1 day ago
dubai,c,33263,"AED 6,500",1 day ago
dubai,y,10039,"AED 12,000",1 day ago
dubai,g,12101,"AED 20,000",1 day ago
dubai,aa,69008,"AED 15,000",1 day ago
dubai,q,4234,"AED 42,000",1 day ago
dubai,n,17161,"AED 14,000",1 day ago
dubai,aa,80750,"AED 8,500",1 day ago
dubai,l,10155,"AED 12,000",1 day ago
dubai,v,10908,"AED 15,000",1 day ago
dubai,x,50430,"AED 7,500",1 day ago
dubai,s,52510,"AED 6,000",1 day ago
dubai,y,18107,"AED 4,500",1 day ago
abu-dhabi,15,8808,"AED 185,000",1 day ago
dubai,r,13115,"AED 11,000",2 days ago
dubai,r,13318,"AED 10,000",1 week ago
dubai,b,34404,Call For Price,1 week ago
sharjah,3,78798,"AED 11,500",5 days ago
dubai,s,93746,"AED 3,000",1 day ago
dubai,i,78888,"AED 183,000",4 days ago
umm-al-quwain,b,33733,"AED 28,000",2 days ago
ajman,d,65554,"AED 18,500",1 day ago
umm-al-quwain,n,11110,"AED 91,000",1 week ago
dubai,p,79200,"AED 8,500",1 day ago
dubai,g,66344,"AED 18,000",1 day ago
dubai,z,65606,"AED 12,000",1 day ago
dubai,d,56987,"AED 7,000",1 day ago
dubai,m,4580,"AED 45,000",1 day ago
dubai,aa,47420,"AED 4,900",1 day ago
dubai,aa,74009,"AED 7,000",1 day ago
dubai,aa,65766,"AED 6,900",1 day ago
dubai,aa,88589,"AED 6,900",1 day ago
dubai,aa,88586,"AED 6,900",1 day ago
dubai,r,45677,Call For Price,1 day ago
sharjah,3,3970,"AED 14,700",1 day ago
sharjah,3,5854,"AED 24,500",1 day ago
dubai,j,86846,"AED 3,600",1 day ago
dubai,j,30074,"AED 5,900",1 day ago
dubai,j,11841,"AED 6,900",1 day ago
dubai,j,50656,"AED 7,900",1 day ago
dubai,j,19920,"AED 11,900",1 day ago
dubai,l,61671,"AED 4,900",1 day ago
dubai,l,78890,"AED 8,900",1 day ago
dubai-classic,noc,7973,"AED 4,500",1 day ago
dubai-classic,noc,7299,"AED 4,500",1 day ago
dubai-classic,noc,7795,"AED 4,500",1 day ago
dubai-classic,noc,7499,"AED 4,500",1 day ago
dubai-classic,noc,4997,"AED 4,500",1 day ago
dubai-classic,noc,2293,"AED 4,500",1 day ago
dubai-classic,noc,7588,"AED 4,500",1 day ago
sharjah,3,20504,"AED 15,000",1 day ago
dubai,b,38003,"AED 35,000",1 day ago
sharjah,3,4574,"AED 19,000",1 day ago
ajman,d,13332,Call For Price,1 day ago
umm-al-quwain,j,77789,Call For Price,1 day ago
dubai,p,9631,"AED 32,000",8 hours ago
dubai,m,4099,"AED 59,500",1 week ago
dubai,o,80222,"AED 27,000",6 days ago
dubai,b,43,Call For Price,2 days ago
dubai,d,33399,Call For Price,32 minutes ago
fujairah,l,10111,"AED 150,000",1 week ago
ajman,k,9390,"AED 14,900",1 week ago
abu-dhabi,13,1211,"AED 215,000",5 days ago
dubai,g,11226,"AED 16,000",2 days ago
ras-al-khaimah,x,69616,Call For Price,5 days ago
umm-al-quwain,b,98777,Call For Price,1 day ago
dubai,k,86601,"AED 4,999",2 days ago
sharjah,3,37666,"AED 21,000",2 days ago
sharjah,3,81666,"AED 21,000",2 days ago
sharjah,3,51566,"AED 20,000",2 days ago
sharjah,3,15400,"AED 19,000",2 days ago
sharjah,3,18900,"AED 22,000",2 days ago
sharjah,3,44066,"AED 20,000",2 days ago
sharjah,3,11877,"AED 19,000",2 days ago
sharjah,3,43534,"AED 23,000",2 days ago
umm-al-quwain,c,12121,"AED 33,000",2 days ago
umm-al-quwain,x,2232,"AED 28,000",2 days ago
umm-al-quwain,b,33733,"AED 28,000",2 days ago
dubai,l,44277,Price hidden,2 days ago
dubai,s,72174,"AED 2,700",2 days ago
ras-al-khaimah,v,6969,Call For Price,2 days ago
dubai,e,41142,"AED 5,900",2 days ago
dubai,b,45074,"AED 4,200",2 days ago
dubai,l,8118,"AED 195,000",2 days ago
dubai,e,7222,"AED 165,000",2 days ago
dubai,q,86988,"AED 9,900",2 days ago
dubai,o,8032,"AED 23,000",2 days ago
dubai,y,12345,"AED 535,000",2 days ago
dubai,u,9025,"AED 22,500",2 days ago
dubai,u,8093,"AED 22,500",2 days ago
dubai,u,6093,"AED 22,500",2 days ago
dubai,c,14943,Call For Price,2 days ago
dubai,x,36323,"AED 5,000",2 days ago
dubai,u,54575,"AED 6,500",2 days ago
dubai,n,45441,"AED 6,500",2 days ago
dubai,z,89925,"AED 2,900",2 days ago
dubai,j,45111,"AED 36,500",1 week ago
dubai,a,21920,"AED 9,000",17 hours ago
sharjah,3,81880,"AED 15,000",1 week ago
dubai,o,71971,"AED 8,000",1 week ago
dubai,q,85040,Call For Price,1 week ago
dubai,h,19930,"AED 17,500",4 days ago
umm-al-quwain,x,5666,"AED 39,000",4 days ago
dubai,j,76776,"AED 39,500",2 days ago
umm-al-quwain,c,11222,Price hidden,1 week ago
dubai,x,85895,"AED 6,500",2 days ago
ras-al-khaimah,c,5443,"AED 25,500",2 days ago
dubai,p,51615,"AED 15,500",2 days ago
dubai,b,9854,"AED 47,000",2 days ago
dubai,b,66081,"AED 4,600",2 days ago
dubai,k,22089,"AED 3,600",2 days ago
dubai,n,98711,"AED 5,300",2 days ago
dubai,x,56740,"AED 4,100",2 days ago
dubai,h,77309,"AED 2,900",2 days ago
dubai,r,55023,"AED 3,600",2 days ago
dubai,p,13200,Price hidden,2 days ago
dubai,l,3712,Price hidden,2 days ago
fujairah,b,556,Call For Price,2 days ago
abu-dhabi,6,80,Price hidden,2 days ago
dubai,e,1998,"AED 360,000",2 days ago
sharjah,3,9228,"AED 23,000",2 days ago
sharjah,3,8835,"AED 21,000",2 days ago
dubai,m,8273,"AED 25,500",2 days ago
ajman,h,91911,Price hidden,2 days ago
fujairah,e,63333,"AED 49,000",2 days ago
dubai,d,70878,"AED 8,900",2 days ago
dubai,f,81891,"AED 5,900",2 days ago
dubai,f,45560,"AED 8,900",2 days ago
dubai,g,97990,"AED 8,900",2 days ago
dubai,i,49039,"AED 3,900",2 days ago
dubai,i,70122,"AED 3,900",2 days ago
dubai,i,97090,"AED 6,900",2 days ago
dubai,i,16618,"AED 7,900",2 days ago
dubai,i,67880,"AED 8,900",2 days ago
sharjah,3,19111,"AED 100,000",2 days ago
sharjah,3,40040,"AED 70,000",2 days ago
ras-al-khaimah,b,35151,"AED 9,000",23 hours ago
dubai,n,6961,"AED 45,000",6 days ago
ajman,f,875,"AED 100,000",1 week ago
abu-dhabi,5,66670,"AED 83,000",7 hours ago
sharjah,3,44949,"AED 29,500",5 days ago
sharjah,3,13400,"AED 11,500",5 days ago
ajman,d,1982,Call For Price,5 days ago
ras-al-khaimah,b,1114,"AED 80,000",6 days ago
ras-al-khaimah,v,21120,"AED 6,900",1 week ago
dubai,s,75775,Call For Price,1 week ago
sharjah,4,1231,"AED 110,000",2 days ago
sharjah,3,1236,"AED 55,000",2 days ago
sharjah,3,1021,"AED 60,000",2 days ago
sharjah,3,69900,"AED 25,000",2 days ago
sharjah,3,3786,"AED 22,000",2 days ago
sharjah,3,5673,"AED 20,000",2 days ago
sharjah,3,77100,"AED 15,000",2 days ago
sharjah,3,71010,"AED 16,000",2 days ago
sharjah,3,70101,"AED 14,000",2 days ago
sharjah,3,48800,"AED 17,000",2 days ago
sharjah,3,6980,"AED 20,000",2 days ago
sharjah,3,90101,"AED 16,000",2 days ago
sharjah,3,44322,"AED 16,000",2 days ago
sharjah,3,20211,"AED 14,000",2 days ago
sharjah,3,13200,"AED 15,000",2 days ago
sharjah,3,61916,"AED 14,000",2 days ago
sharjah,3,77886,"AED 15,000",2 days ago
sharjah,3,80804,"AED 14,000",2 days ago
dubai,b,311,Call For Price,2 days ago
fujairah,m,12121,"AED 45,000",2 days ago
fujairah,m,12121,Price hidden,2 days ago
dubai,b,54104,Price hidden,2 days ago
dubai,r,50445,"AED 9,900",2 days ago
dubai,p,23441,"AED 15,500",2 days ago
dubai,b,6,Call For Price,2 days ago
dubai,b,7774,"AED 255,000",2 days ago
dubai-classic,noc,54312,"AED 2,500",2 days ago
dubai,u,69637,"AED 5,000",2 days ago
dubai,i,36668,Price hidden,2 days ago
dubai,a,30444,"AED 65,000",2 days ago
dubai,a,8,Call For Price,2 days ago
dubai,r,1990,"AED 290,000",2 days ago
dubai,p,76607,"AED 6,999",1 day ago
dubai,q,40014,"AED 16,000",1 week ago
dubai,q,58070,"AED 5,300",1 week ago
abu-dhabi,14,1121,"AED 199,000",4 days ago
dubai,i,7677,"AED 118,000",5 days ago
dubai,v,88667,"AED 15,000",6 days ago
sharjah,3,53000,"AED 180,000",1 week ago
umm-al-quwain,i,41,"AED 550,000",6 days ago
umm-al-quwain,c,12121,"AED 33,000",2 days ago
dubai,x,1985,"AED 300,000",2 days ago
dubai,g,9600,"AED 175,000",2 days ago
dubai,h,44338,"AED 35,000",2 days ago
dubai,t,20002,"AED 270,000",2 days ago
dubai,j,40004,"AED 270,000",2 days ago
dubai,a,9,Call For Price,2 days ago
dubai,c,22,"AED 350,000",2 days ago
dubai,n,80000,Call For Price,2 days ago
dubai,q,80000,Call For Price,2 days ago
dubai,l,1005,Call For Price,2 days ago
dubai,s,5404,"AED 39,000",2 days ago
dubai,v,4240,"AED 39,000",2 days ago
dubai,v,5350,"AED 39,000",2 days ago
dubai,g,3053,"AED 39,000",2 days ago
dubai,t,2302,"AED 48,000",2 days ago
dubai,u,1140,"AED 65,000",2 days ago
dubai,o,1167,"AED 45,000",2 days ago
dubai,c,19397,"AED 4,900",2 days ago
dubai,g,82228,"AED 115,000",2 days ago
dubai,d,55585,"AED 115,000",2 days ago
dubai,a,99228,"AED 35,000",2 days ago
dubai,r,3477,"AED 49,000",4 days ago
abu-dhabi,50,2010,"AED 185,000",21 hours ago
dubai,q,4220,"AED 45,000",5 days ago
ras-al-khaimah,c,6666,"AED 650,000",1 week ago
dubai,y,32336,"AED 6,900",1 week ago
sharjah,3,87780,Call For Price,1 week ago
sharjah,3,99088,"AED 17,000",1 week ago
umm-al-quwain,n,10001,Call For Price,2 days ago
dubai,v,70066,"AED 21,500",3 days ago
dubai,i,9959,"AED 125,000",2 days ago
dubai,t,40507,"AED 13,500",2 days ago
dubai,n,44990,"AED 15,000",2 days ago
dubai,s,71331,"AED 9,900",2 days ago
dubai,t,71331,"AED 9,900",2 days ago
dubai,x,70116,Price hidden,2 days ago
sharjah,3,1471,"AED 29,000",2 days ago
dubai,t,94996,"AED 5,500",2 days ago
dubai,e,90940,"AED 5,900",2 days ago
dubai,g,11226,"AED 16,000",2 days ago
dubai,r,13115,"AED 11,000",2 days ago
ras-al-khaimah,i,43322,"AED 14,000",2 days ago
dubai,x,87686,"AED 7,000",2 days ago
dubai,bb,12373,"AED 10,000",2 days ago
dubai,j,56100,"AED 8,500",2 days ago
dubai,x,34354,"AED 6,000",2 days ago
dubai,x,43453,"AED 6,000",2 days ago
dubai,y,19299,"AED 8,000",2 days ago
dubai,aa,23009,"AED 12,000",2 days ago
dubai,c,17101,"AED 20,000",2 days ago
dubai,v,19933,"AED 18,000",2 days ago
dubai,l,80055,"AED 27,000",2 days ago
dubai,z,30061,"AED 7,000",2 days ago
dubai,x,17101,"AED 20,000",2 days ago
dubai,f,55859,"AED 7,500",2 days ago
dubai,a,87564,"AED 16,000",2 days ago
dubai,aa,56858,"AED 8,500",2 days ago
dubai,t,12343,"AED 40,000",2 days ago
dubai,y,18109,"AED 4,500",2 days ago
dubai,h,51611,"AED 12,000",2 days ago
dubai,b,93932,"AED 17,000",2 days ago
dubai,z,11031,"AED 18,000",2 days ago
dubai,q,19219,"AED 10,500",1 week ago
ajman,d,13332,Call For Price,1 day ago
fujairah,m,12121,"AED 45,000",2 days ago
dubai,n,1163,"AED 52,000",1 week ago
dubai,e,1998,"AED 360,000",2 days ago
sharjah,3,3831,"AED 38,000",1 week ago
fujairah,i,2525,"AED 65,000",1 week ago
ajman,e,249,Price hidden,4 days ago
dubai,v,61090,"AED 7,500",2 days ago
dubai,p,49987,"AED 4,500",2 days ago
dubai,v,4021,"AED 28,500",2 days ago
dubai,m,7509,"AED 25,900",2 days ago
dubai,m,4986,"AED 23,900",2 days ago
dubai,o,5837,"AED 19,700",2 days ago
dubai,l,4851,"AED 19,700",2 days ago
dubai,l,7639,Call For Price,2 days ago
dubai,v,6356,"AED 35,000",2 days ago
dubai,v,29911,"AED 15,000",2 days ago
dubai,cc,78708,"AED 5,000",2 days ago
dubai,v,35885,"AED 7,200",2 days ago
ajman,c,7289,"AED 7,000",2 days ago
dubai,v,20660,"AED 13,500",2 days ago
dubai,s,3145,Call For Price,2 days ago
ras-al-khaimah,b,3827,"AED 7,000",2 days ago
ajman,b,9135,"AED 6,500",2 days ago
ajman,b,7519,"AED 6,500",2 days ago
ajman,b,7268,"AED 6,500",2 days ago
ajman,e,22744,"AED 5,500",2 days ago
dubai,v,79798,"AED 11,000",2 days ago
dubai,n,63665,"AED 6,000",2 days ago
dubai-classic,noc,55667,"AED 5,000",2 days ago
dubai-classic,noc,56677,"AED 5,000",2 days ago
dubai-classic,noc,66778,"AED 5,000",2 days ago
dubai-classic,noc,23331,"AED 5,000",2 days ago
dubai-classic,noc,7868,"AED 20,000",2 days ago
dubai-classic,noc,4104,"AED 8,000",2 days ago
dubai-classic,noc,6106,"AED 8,000",2 days ago
dubai-classic,noc,70806,"AED 5,500",2 days ago
dubai-classic,noc,78866,"AED 5,500",2 days ago
dubai,s,93293,"AED 9,900",1 week ago
dubai,z,51665,"AED 8,000",5 days ago
ajman,a,86861,Price hidden,3 days ago
dubai,d,55585,"AED 115,000",2 days ago
abu-dhabi,16,66650,"AED 74,500",1 week ago
dubai,e,16751,"AED 3,900",1 week ago
ras-al-khaimah,b,35151,"AED 9,000",23 hours ago
ajman,f,56656,"AED 17,500",3 hours ago
abu-dhabi,19,96699,"AED 91,000",4 days ago
dubai-classic,noc,55677,"AED 5,000",2 days ago
dubai-classic,noc,68999,"AED 4,500",2 days ago
dubai-classic,noc,86999,"AED 4,500",2 days ago
dubai-classic,noc,19333,"AED 4,500",2 days ago
dubai-classic,noc,10707,"AED 4,500",2 days ago
dubai-classic,noc,66011,"AED 4,500",2 days ago
dubai-classic,noc,63630,"AED 4,500",2 days ago
dubai,bb,666,Call For Price,2 days ago
dubai,u,18111,"AED 114,000",2 days ago
dubai,q,14111,"AED 109,000",2 days ago
dubai,v,2271,"AED 34,900",2 days ago
dubai,v,6671,"AED 34,900",2 days ago
dubai,v,5651,"AED 32,900",2 days ago
dubai,v,6561,"AED 32,900",2 days ago
dubai,u,8981,"AED 32,900",2 days ago
dubai,q,8981,"AED 32,900",2 days ago
dubai,v,6361,"AED 32,900",2 days ago
dubai,v,5087,"AED 23,900",2 days ago
dubai,v,2129,"AED 32,900",2 days ago
dubai,aa,42023,"AED 8,900",2 days ago
dubai,aa,31801,"AED 5,500",2 days ago
dubai,aa,60365,"AED 4,900",2 days ago
dubai,aa,36132,"AED 4,500",2 days ago
dubai,aa,51254,"AED 4,500",2 days ago
dubai,aa,48133,"AED 3,900",2 days ago
dubai,aa,42779,"AED 3,900",2 days ago
dubai,aa,43367,"AED 3,900",2 days ago
dubai,aa,44893,"AED 3,900",2 days ago
dubai,aa,54846,"AED 3,900",2 days ago
dubai,l,29669,"AED 7,500",2 days ago
abu-dhabi,2,6991,"AED 139,000",2 days ago
abu-dhabi,10,9828,"AED 105,000",2 days ago
sharjah,3,13400,"AED 11,500",5 days ago
sharjah,3,9708,"AED 16,000",5 days ago
abu-dhabi,50,122,Call For Price,1 day ago
sharjah,3,45445,"AED 32,500",4 days ago
umm-al-quwain,f,6006,Call For Price,1 week ago
ras-al-khaimah,b,3911,"AED 50,000",1 week ago
ajman,b,3210,"AED 30,000",1 week ago
abu-dhabi,20,77007,Call For Price,1 week ago
fujairah,i,8086,"AED 19,000",1 week ago
umm-al-quwain,n,10001,Call For Price,2 days ago
abu-dhabi,14,1967,"AED 95,000",2 days ago
abu-dhabi,15,20220,"AED 89,000",2 days ago
abu-dhabi,18,77717,"AED 124,500",2 days ago
abu-dhabi,12,9012,"AED 98,500",2 days ago
abu-dhabi,11,66363,"AED 89,500",2 days ago
abu-dhabi,12,77727,"AED 130,000",2 days ago
abu-dhabi,2,77222,"AED 157,500",2 days ago
abu-dhabi,1,21220,"AED 69,500",2 days ago
abu-dhabi,16,11160,"AED 92,000",2 days ago
abu-dhabi,18,90098,"AED 49,500",2 days ago
abu-dhabi,50,6550,"AED 125,500",2 days ago
abu-dhabi,19,10999,"AED 79,500",2 days ago
abu-dhabi,11,1974,"AED 99,000",2 days ago
abu-dhabi,14,7747,"AED 149,000",2 days ago
abu-dhabi,14,55515,"AED 122,000",2 days ago
abu-dhabi,16,1911,"AED 199,000",2 days ago
abu-dhabi,10,59900,"AED 58,000",2 days ago
abu-dhabi,12,33221,"AED 77,000",2 days ago
abu-dhabi,17,9999,"AED 195,000",2 days ago
abu-dhabi,12,55111,"AED 115,000",2 days ago
abu-dhabi,16,77616,"AED 36,500",2 days ago
abu-dhabi,6,111,"AED 127,500",2 days ago
dubai,u,89598,"AED 12,000",2 days ago
ras-al-khaimah,s,16421,"AED 2,800",2 days ago
abu-dhabi,20,7107,"AED 115,000",2 days ago
abu-dhabi,2,1032,"AED 115,000",2 days ago
abu-dhabi,50,6906,"AED 115,000",2 days ago
abu-dhabi,10,8091,"AED 95,000",2 days ago
abu-dhabi,50,9055,"AED 110,000",2 days ago
abu-dhabi,50,71117,"AED 135,000",2 days ago
dubai,a,94142,"AED 10,000",2 hours ago
ras-al-khaimah,m,31111,"AED 55,000",1 day ago
dubai,a,67164,"AED 9,900",6 days ago
dubai,o,30089,"AED 14,000",1 week ago
umm-al-quwain,i,11223,"AED 11,000",1 week ago
fujairah,m,12121,Price hidden,2 days ago
sharjah,3,99088,"AED 17,000",1 week ago
dubai,b,49755,"AED 6,900",18 hours ago
ras-al-khaimah,x,5000,"AED 235,000",5 days ago
dubai,p,8480,"AED 40,000",2 days ago
ras-al-khaimah,x,41110,"AED 16,000",2 days ago
umm-al-quwain,f,32211,"AED 12,500",2 days ago
dubai,e,59933,"AED 14,000",2 days ago
dubai,p,44331,"AED 14,500",2 days ago
dubai,m,69229,"AED 17,500",2 days ago
abu-dhabi,5,30006,"AED 155,000",2 days ago
dubai,v,1844,"AED 40,000",2 days ago
dubai,q,1844,"AED 40,000",2 days ago
dubai,u,1844,"AED 40,000",2 days ago
dubai,t,6966,"AED 135,000",2 days ago
ajman,f,524,"AED 109,000",2 days ago
abu-dhabi,12,87778,Price hidden,2 days ago
dubai,j,76776,"AED 39,500",2 days ago
dubai,l,45540,"AED 18,000",2 days ago
dubai,v,15510,"AED 19,000",2 days ago
fujairah,g,5110,"AED 19,000",2 days ago
dubai,q,20028,"AED 25,000",2 days ago
dubai,u,12330,"AED 28,000",2 days ago
dubai,cc,40410,"AED 12,000",2 days ago
dubai,q,16016,"AED 32,000",2 days ago
fujairah,h,50001,"AED 24,500",2 days ago
fujairah,r,20006,"AED 24,500",2 days ago
fujairah,s,60008,"AED 24,500",2 days ago
fujairah,k,20007,"AED 24,500",2 days ago
dubai,h,56360,"AED 4,500",2 days ago
dubai,r,14415,"AED 12,000",2 days ago
umm-al-quwain,c,58882,"AED 7,900",2 days ago
dubai,v,69898,"AED 15,000",2 days ago
ras-al-khaimah,x,19951,"AED 15,000",2 days ago
umm-al-quwain,l,7017,"AED 15,000",2 days ago
fujairah,i,8086,"AED 19,000",1 week ago
dubai,n,5576,"AED 50,000",1 week ago
sharjah,3,2274,"AED 20,000",1 week ago
dubai,a,40255,Call For Price,1 week ago
ajman,a,55997,Call For Price,5 days ago
ajman,d,9309,"AED 12,000",1 week ago
ajman,k,66090,"AED 12,000",1 hour ago
dubai,j,45111,"AED 36,500",1 week ago
dubai,l,19841,"AED 9,000",1 week ago
dubai,q,40014,"AED 16,000",1 week ago
dubai,j,59950,"AED 15,000",2 days ago
ajman,k,8660,"AED 12,900",2 days ago
dubai,q,70180,"AED 9,900",2 days ago
dubai,e,56446,"AED 7,900",2 days ago
dubai,p,54334,"AED 7,900",2 days ago
dubai,u,45546,"AED 8,900",2 days ago
dubai,l,85665,"AED 7,900",2 days ago
dubai,n,27725,"AED 8,900",2 days ago
dubai,v,72274,"AED 8,500",2 days ago
dubai,p,94664,"AED 7,900",2 days ago
ras-al-khaimah,b,26666,"AED 40,000",2 days ago
dubai,f,77856,"AED 4,500",2 days ago
dubai,m,45765,"AED 4,900",2 days ago
dubai,w,45994,"AED 4,900",2 days ago
dubai,aa,43779,"AED 4,900",2 days ago
dubai,t,56144,"AED 2,500",2 days ago
dubai,aa,10912,"AED 6,900",2 days ago
dubai,y,45250,"AED 3,900",2 days ago
dubai,bb,50166,"AED 4,999",2 days ago
dubai,p,6860,"AED 40,000",2 days ago
dubai,t,6860,"AED 40,000",2 days ago
dubai,u,6860,"AED 40,000",2 days ago
dubai,v,6860,"AED 40,000",2 days ago
dubai,b,43,Call For Price,2 days ago
dubai,q,1181,"AED 152,000",2 days ago
ajman,b,5083,"AED 10,000",2 days ago
ras-al-khaimah,c,998,Call For Price,2 days ago
umm-al-quwain,x,877,Price hidden,2 days ago
ajman,a,975,"AED 190,000",2 days ago
fujairah,h,2210,"AED 21,500",2 days ago
umm-al-quwain,b,883,Call For Price,2 days ago
abu-dhabi,19,76899,"AED 3,000",2 days ago
dubai,f,11615,"AED 7,000",1 week ago
dubai,t,5699,"AED 35,000",1 week ago
dubai,r,3477,"AED 49,000",4 days ago
sharjah,3,14300,"AED 11,500",5 days ago
dubai,i,25355,"AED 7,000",3 days ago
umm-al-quwain,b,33733,"AED 28,000",2 days ago
ajman,e,884,"AED 149,000",3 days ago
fujairah,j,210,Price hidden,6 days ago
umm-al-quwain,c,12121,"AED 33,000",2 days ago
ajman,c,219,Call For Price,1 week ago
dubai,c,11917,"AED 9,900",2 days ago
dubai,c,50190,"AED 5,900",2 days ago
dubai,c,37233,"AED 5,900",2 days ago
dubai,c,82290,"AED 3,900",2 days ago
dubai,c,60090,"AED 35,000",2 days ago
dubai,b,35220,"AED 4,750",2 days ago
dubai,q,8493,"AED 22,000",2 days ago
dubai,b,35063,"AED 5,900",2 days ago
dubai,b,46987,"AED 3,300",2 days ago
dubai,b,45703,"AED 3,300",2 days ago
dubai,b,35708,"AED 2,900",2 days ago
dubai,b,59424,"AED 2,800",2 days ago
dubai,b,64738,"AED 2,700",2 days ago
umm-al-quwain,i,990,"AED 170,000",2 days ago
dubai,h,32996,Price hidden,2 days ago
dubai,w,92101,Price hidden,2 days ago
dubai,z,90820,Price hidden,2 days ago
dubai,b,67118,"AED 5,900",2 days ago
dubai,b,94984,"AED 5,900",2 days ago
dubai,b,42348,"AED 4,900",2 days ago
dubai,b,44176,"AED 4,900",2 days ago
dubai,b,75720,"AED 4,900",2 days ago
dubai,b,90849,"AED 3,900",2 days ago
sharjah,3,2247,Price hidden,2 days ago
sharjah,3,28228,Price hidden,2 days ago
dubai,b,58505,"AED 14,900",2 days ago
dubai,b,47003,"AED 9,900",2 days ago
dubai,b,76089,"AED 8,900",2 days ago
dubai,b,85567,"AED 7,900",2 days ago
dubai,b,43565,"AED 6,900",2 days ago
abu-dhabi,12,55004,"AED 53,000",2 days ago
abu-dhabi,11,63115,"AED 3,000",2 days ago
ajman,c,219,Call For Price,1 week ago
dubai,z,51665,"AED 8,000",5 days ago
abu-dhabi,50,122,Call For Price,1 day ago
fujairah,r,9690,"AED 15,000",5 days ago
dubai,p,76607,Price hidden,1 week ago
sharjah,3,45445,"AED 32,500",4 days ago
sharjah,3,2065,"AED 22,500",1 day ago
dubai,w,87083,"AED 3,200",1 week ago
fujairah,l,10111,"AED 150,000",1 week ago
dubai,a,12054,"AED 39,900",2 days ago
dubai,a,87110,"AED 19,900",2 days ago
dubai,a,41236,"AED 15,900",2 days ago
dubai,a,48587,"AED 9,900",2 days ago
dubai,a,82460,"AED 7,900",2 days ago
dubai,a,77826,"AED 7,900",2 days ago
dubai,a,31740,"AED 7,900",2 days ago
dubai,a,78161,"AED 15,900",2 days ago
dubai,aa,34335,"AED 12,500",2 days ago
dubai,aa,33703,"AED 9,000",2 days ago
dubai,w,78060,"AED 12,000",2 days ago
dubai,c,11261,"AED 11,500",2 days ago
sharjah,3,20304,"AED 18,000",2 days ago
dubai,cc,33573,"AED 3,700",2 days ago
dubai,bb,73277,"AED 5,200",2 days ago
sharjah,3,70806,"AED 20,000",2 days ago
ras-al-khaimah,m,78600,"AED 40,000",2 days ago
dubai,aa,61015,"AED 8,900",2 days ago
dubai,v,90070,"AED 23,000",2 days ago
dubai,a,21091,"AED 21,000",2 days ago
dubai,a,71747,"AED 24,000",2 days ago
dubai,a,7943,"AED 75,000",2 days ago
sharjah,4,22220,Call For Price,2 days ago
dubai,r,13131,Call For Price,2 days ago
dubai,v,5072,"AED 21,900",2 days ago
dubai,v,3073,"AED 32,900",2 days ago
dubai,v,9039,"AED 32,900",2 days ago
dubai,v,95659,"AED 7,900",2 days ago
dubai,t,43534,"AED 7,900",2 days ago
dubai,v,40220,"AED 9,200",2 days ago
dubai,u,80220,"AED 9,200",2 days ago
ajman,k,66090,"AED 12,000",1 hour ago
abu-dhabi,50,2010,"AED 185,000",21 hours ago
dubai,w,54312,"AED 7,000",1 week ago
umm-al-quwain,j,8080,Price hidden,1 week ago
umm-al-quwain,d,90099,"AED 24,000",1 day ago
abu-dhabi,17,77708,"AED 79,500",21 hours ago
sharjah,3,9499,"AED 95,000",5 days ago
ras-al-khaimah,m,2271,Price hidden,3 days ago
dubai,b,38003,"AED 35,000",1 day ago
fujairah,a,6416,"AED 38,000",5 days ago
dubai,t,80440,"AED 9,200",2 days ago
dubai,v,60440,"AED 9,200",2 days ago
dubai,u,20990,"AED 9,200",2 days ago
dubai,t,20990,"AED 9,200",2 days ago
dubai,v,40330,"AED 9,500",2 days ago
dubai,u,40049,"AED 11,900",2 days ago
dubai,u,40047,"AED 11,900",2 days ago
dubai,s,7006,"AED 92,000",2 days ago
dubai,v,5079,"AED 21,900",2 days ago
dubai,v,9054,"AED 21,900",2 days ago
dubai,l,9654,"AED 23,900",2 days ago
dubai,u,54645,"AED 7,900",2 days ago
dubai,j,52650,"AED 2,200",2 days ago
dubai,r,1436,"AED 25,500",2 days ago
dubai,v,7656,"AED 34,900",2 days ago
dubai,p,7065,"AED 26,900",2 days ago
dubai,aa,33937,"AED 3,500",2 days ago
dubai,aa,42841,"AED 2,200",2 days ago
dubai,o,1806,"AED 30,900",2 days ago
dubai,aa,37434,"AED 3,500",2 days ago
dubai,t,1067,"AED 35,000",2 days ago
dubai,n,6086,"AED 32,900",2 days ago
dubai,a,2860,"AED 75,000",2 days ago
dubai,u,9079,"AED 32,900",2 days ago
dubai,m,10006,"AED 109,000",2 days ago
dubai,e,6004,"AED 89,000",2 days ago
dubai,o,6007,"AED 89,000",2 days ago
dubai,v,50990,"AED 9,200",2 days ago
dubai,aa,64368,"AED 2,200",2 days ago
dubai,c,22257,"AED 27,500",2 days ago
dubai,g,81841,"AED 3,800",2 days ago
dubai,s,93293,"AED 9,900",1 week ago
dubai,o,57751,"AED 5,500",5 days ago
ajman,f,56656,"AED 17,500",3 hours ago
ajman,b,3210,"AED 30,000",1 week ago
dubai,v,3921,"AED 26,000",1 week ago
dubai,b,90019,"AED 26,000",1 week ago
dubai,r,6699,"AED 300,000",1 day ago
dubai,n,34444,"AED 170,000",5 days ago
dubai,r,40744,"AED 7,500",4 days ago
fujairah,i,78778,Call For Price,2 days ago
fujairah,j,91911,Call For Price,2 days ago
dubai,w,13811,"AED 6,999",2 days ago
dubai,g,79411,"AED 2,200",2 days ago
dubai,b,37421,"AED 2,500",2 days ago
dubai,b,35187,"AED 2,500",2 days ago
dubai,n,99119,"AED 49,900",2 days ago
dubai,s,59213,"AED 1,800",2 days ago
dubai,p,21181,"AED 6,600",2 days ago
dubai,u,11519,"AED 6,999",2 days ago
dubai,s,18841,"AED 5,900",2 days ago
dubai,aa,83032,"AED 2,300",2 days ago
dubai,aa,47024,"AED 2,200",2 days ago
dubai,u,11714,"AED 6,999",2 days ago
dubai,q,58528,"AED 3,200",2 days ago
dubai,u,60540,"AED 4,900",2 days ago
dubai,t,43949,"AED 2,999",2 days ago
dubai,s,55937,"AED 1,999",2 days ago
dubai,l,13161,"AED 6,999",2 days ago
dubai,p,11589,"AED 2,200",2 days ago
dubai,q,89070,"AED 3,500",2 days ago
dubai,q,65767,"AED 3,800",2 days ago
abu-dhabi,5,245,Call For Price,2 days ago
dubai,f,72191,"AED 1,999",2 days ago
dubai,m,25276,"AED 1,999",2 days ago
dubai,aa,39080,"AED 3,800",2 days ago
dubai,w,51252,"AED 3,200",2 days ago
dubai,z,16652,"AED 2,500",2 days ago
dubai,g,62432,"AED 1,999",2 days ago
dubai,l,36611,"AED 9,900",2 days ago
dubai,o,43546,"AED 1,900",2 days ago
dubai,s,16473,"AED 1,999",2 days ago
ras-al-khaimah,x,88801,"AED 19,500",1 week ago
sharjah,3,14300,"AED 11,500",5 days ago
abu-dhabi,11,38000,"AED 145,000",6 days ago
sharjah,3,20504,"AED 15,000",1 day ago
dubai,i,46641,"AED 9,900",3 days ago
dubai,v,10210,"AED 34,500",1 hour ago
umm-al-quwain,x,69911,"AED 17,000",1 week ago
dubai,q,1108,"AED 75,000",20 hours ago
ras-al-khaimah,i,5678,"AED 49,900",3 days ago
dubai,o,72092,"AED 1,999",2 days ago
dubai,v,54245,"AED 7,900",2 days ago
dubai,v,65256,"AED 7,900",2 days ago
dubai,v,76267,"AED 7,900",2 days ago
dubai,t,56865,"AED 7,900",2 days ago
dubai,r,37507,"AED 1,900",2 days ago
dubai,b,94331,"AED 2,999",2 days ago
abu-dhabi,12,61092,"AED 3,000",2 days ago
abu-dhabi,12,41512,"AED 3,000",2 days ago
abu-dhabi,20,66170,"AED 3,000",2 days ago
abu-dhabi,20,16635,"AED 3,000",2 days ago
abu-dhabi,50,15568,"AED 3,000",2 days ago
abu-dhabi,7,45125,"AED 3,000",2 days ago
abu-dhabi,6,41340,"AED 3,000",2 days ago
abu-dhabi,6,39690,"AED 3,000",2 days ago
abu-dhabi,9,19786,"AED 3,000",2 days ago
abu-dhabi,9,54024,"AED 3,000",2 days ago
abu-dhabi,10,18103,"AED 3,000",2 days ago
dubai,v,15657,"AED 2,700",2 days ago
dubai,v,15859,"AED 2,700",2 days ago
dubai,t,67167,Call For Price,2 days ago
dubai,o,14314,Call For Price,2 days ago
dubai,u,40043,"AED 11,900",2 days ago
dubai,t,40043,"AED 11,900",2 days ago
dubai,s,40043,"AED 13,000",2 days ago
dubai,q,40043,"AED 11,900",2 days ago
dubai,q,4410,"AED 49,500",2 days ago
dubai,k,2782,Price hidden,2 days ago
dubai,l,6351,"AED 20,000",2 days ago
dubai,j,3529,"AED 20,000",2 days ago
dubai,t,27770,"AED 25,900",2 days ago
dubai,u,18116,"AED 6,500",2 days ago
dubai,v,88667,"AED 15,000",6 days ago
sharjah,4,29002,"AED 11,500",4 days ago
dubai,d,7774,"AED 299,999",1 day ago
sharjah,3,66624,"AED 16,500",5 days ago
dubai,v,11533,"AED 13,400",1 week ago
dubai,s,9898,"AED 215,000",1 week ago
dubai,z,54744,"AED 5,800",1 week ago
dubai,h,77707,"AED 235,000",6 days ago
dubai,c,61946,"AED 4,000",3 days ago
dubai,m,32134,"AED 5,500",2 days ago
dubai,cc,84404,"AED 4,500",2 days ago
dubai,r,19951,"AED 13,000",2 days ago
dubai,dd,41994,"AED 7,500",2 days ago
dubai,cc,19940,"AED 13,000",2 days ago
dubai,q,19970,"AED 13,000",2 days ago
dubai,b,18620,"AED 3,500",2 days ago
dubai,r,5006,"AED 89,000",2 days ago
dubai,n,2933,"AED 31,000",2 days ago
dubai,p,10409,"AED 6,500",2 days ago
dubai,t,74227,"AED 3,900",2 days ago
dubai,j,48847,"AED 6,400",2 days ago
dubai,p,92988,"AED 5,400",2 days ago
dubai,d,23883,"AED 9,500",2 days ago
dubai,k,88553,"AED 10,600",2 days ago
dubai,o,88553,"AED 10,600",2 days ago
ras-al-khaimah,b,5163,"AED 7,900",2 days ago
ras-al-khaimah,v,8101,"AED 19,000",2 days ago
dubai,b,93023,"AED 4,900",2 days ago
dubai,v,47714,Price hidden,2 days ago
dubai,d,20219,"AED 4,900",2 days ago
dubai,c,24264,"AED 4,900",2 days ago
dubai,c,34493,"AED 4,900",2 days ago
sharjah,3,89098,Call For Price,2 days ago
dubai-classic,noc,6068,"AED 5,000",2 days ago
dubai-classic,noc,4049,"AED 5,000",2 days ago
umm-al-quwain,c,20345,"AED 4,900",2 days ago
dubai,b,20970,"AED 5,500",2 days ago
dubai,p,29923,"AED 4,900",2 days ago
abu-dhabi,4,38781,"AED 6,500",2 days ago
dubai,z,51617,Price hidden,1 week ago
dubai,d,7774,"AED 299,999",1 day ago
ajman,b,1681,"AED 10,000",1 week ago
ajman,d,873,Price hidden,4 days ago
umm-al-quwain,b,98777,Call For Price,1 day ago
ras-al-khaimah,n,33030,"AED 15,000",1 week ago
dubai,i,55502,Price hidden,6 days ago
dubai,y,32336,"AED 6,900",1 week ago
abu-dhabi,50,1700,"AED 220,000",3 days ago
dubai,i,1085,"AED 215,000",1 week ago
dubai,r,6010,"AED 78,000",2 days ago
dubai,i,7060,"AED 78,000",2 days ago
dubai,t,3021,"AED 37,000",2 days ago
dubai,u,5605,"AED 35,000",2 days ago
dubai,v,7166,"AED 33,900",2 days ago
dubai,j,8859,"AED 29,500",2 days ago
dubai,n,6017,"AED 25,900",2 days ago
dubai,u,4061,"AED 23,900",2 days ago
dubai,m,8726,"AED 23,500",2 days ago
dubai,t,4089,"AED 22,900",2 days ago
dubai,v,5037,"AED 22,900",2 days ago
dubai,v,6038,"AED 22,900",2 days ago
dubai,i,7318,"AED 20,900",2 days ago
dubai,k,9825,"AED 19,900",2 days ago
dubai,j,14111,"AED 109,000",2 days ago
dubai,l,14111,"AED 109,000",2 days ago
dubai,p,14111,"AED 109,000",2 days ago
dubai,t,30330,"AED 56,000",2 days ago
dubai,q,11156,"AED 32,500",2 days ago
fujairah,d,611,Call For Price,2 days ago
fujairah,d,811,Price hidden,2 days ago
fujairah,d,711,Price hidden,2 days ago
dubai,g,88818,"AED 134,000",2 days ago
umm-al-quwain,m,99999,"AED 399,000",2 days ago
umm-al-quwain,c,889,"AED 160,000",2 days ago
umm-al-quwain,i,2121,"AED 45,000",2 days ago
umm-al-quwain,b,7222,"AED 35,000",2 days ago
fujairah,s,2009,"AED 29,500",2 days ago
fujairah,l,4800,Call For Price,2 days ago
fujairah,c,147,"AED 130,000",2 days ago
fujairah,h,34,Call For Price,2 days ago
dubai,u,616,"AED 1,000,000",2 days ago
fujairah,r,1119,"AED 72,000",1 week ago
umm-al-quwain,j,8080,Price hidden,1 week ago
dubai,j,45111,"AED 36,500",1 week ago
dubai,n,57175,"AED 22,000",3 days ago
dubai,u,89598,"AED 12,000",2 days ago
sharjah,3,66624,"AED 16,500",5 days ago
dubai,q,88787,"AED 40,000",1 week ago
ras-al-khaimah,b,85085,Price hidden,1 week ago
ajman,b,1681,"AED 10,000",1 week ago
dubai,u,6085,"AED 23,500",5 days ago
dubai,p,40400,Call For Price,2 days ago
dubai,u,30300,Call For Price,2 days ago
dubai,o,30030,"AED 115,000",2 days ago
dubai,h,30030,"AED 95,000",2 days ago
dubai,v,4980,"AED 24,900",2 days ago
dubai,p,52285,"AED 4,500",2 days ago
dubai,x,17332,"AED 4,500",2 days ago
dubai,x,51320,"AED 3,500",2 days ago
dubai,bb,95228,"AED 2,300",2 days ago
ras-al-khaimah,x,6900,"AED 59,900",2 days ago
ras-al-khaimah,v,12341,"AED 23,900",2 days ago
ras-al-khaimah,v,43322,"AED 18,900",2 days ago
ras-al-khaimah,z,69669,"AED 24,900",2 days ago
ras-al-khaimah,v,14321,"AED 14,900",2 days ago
ras-al-khaimah,c,6534,"AED 10,500",2 days ago
ajman,k,17799,"AED 10,000",2 days ago
ajman,k,79988,"AED 10,000",2 days ago
ajman,k,93300,"AED 9,000",2 days ago
ajman,h,44403,"AED 10,500",2 days ago
fujairah,j,1980,"AED 24,000",2 days ago
fujairah,k,1980,"AED 24,000",2 days ago
ras-al-khaimah,y,1087,"AED 9,900",2 days ago
dubai,j,76776,"AED 39,500",2 days ago
dubai,p,66455,"AED 16,000",2 days ago
abu-dhabi,6,59000,"AED 150,000",2 days ago
ajman,c,2298,"AED 16,300",2 days ago
dubai,n,69796,"AED 8,900",2 days ago
dubai,o,14005,"AED 9,900",2 days ago
dubai,b,14552,"AED 6,000",2 days ago
dubai,o,5234,"AED 34,900",2 days ago
dubai,a,35560,"AED 13,000",2 days ago
dubai,n,11065,"AED 5,500",5 days ago
ras-al-khaimah,m,31111,"AED 55,000",1 day ago
umm-al-quwain,j,77789,Call For Price,1 day ago
dubai,f,93005,"AED 7,000",1 week ago
umm-al-quwain,m,2344,Price hidden,1 week ago
dubai,c,61946,"AED 4,000",3 days ago
dubai,v,93329,"AED 4,900",6 days ago
ras-al-khaimah,y,2302,Call For Price,1 week ago
dubai,s,93746,"AED 3,000",1 day ago
ajman,e,884,"AED 149,000",3 days ago
dubai,a,58371,"AED 6,800",2 days ago
dubai,v,10094,"AED 9,700",2 days ago
dubai,i,10058,"AED 9,700",2 days ago
dubai,z,10048,"AED 9,700",2 days ago
dubai,a,14629,"AED 8,500",2 days ago
dubai,a,14593,"AED 8,500",2 days ago
dubai,a,14537,"AED 8,500",2 days ago
dubai,o,51152,"AED 7,900",2 days ago
dubai,b,18628,"AED 5,000",2 days ago
dubai,y,89978,"AED 5,500",2 days ago
dubai,t,10230,"AED 18,000",2 days ago
ras-al-khaimah,k,1761,Price hidden,2 days ago
ras-al-khaimah,v,7166,Price hidden,2 days ago
dubai,cc,61663,"AED 6,500",2 days ago
dubai,j,17313,"AED 4,900",2 days ago
dubai,g,81820,Price hidden,2 days ago
dubai,n,37172,"AED 3,500",2 days ago
dubai,dd,73072,Price hidden,2 days ago
dubai,t,71412,"AED 2,900",2 days ago
dubai,x,36164,Price hidden,2 days ago
dubai,s,31167,"AED 2,500",2 days ago
dubai,q,18807,Price hidden,2 days ago
dubai,m,20124,"AED 7,900",2 days ago
dubai,r,77258,"AED 2,500",2 days ago
dubai,h,536,"AED 495,000",2 days ago
dubai,t,66060,"AED 58,000",2 days ago
dubai,b,6692,"AED 55,000",2 days ago
dubai,t,4640,"AED 34,000",2 days ago
dubai,e,7833,"AED 32,000",2 days ago
dubai,r,3873,"AED 29,500",2 days ago
dubai,v,3873,"AED 29,500",2 days ago
dubai,o,5301,"AED 22,500",2 days ago
sharjah,3,21220,"AED 15,000",5 days ago
dubai,d,33399,Call For Price,33 minutes ago
fujairah,i,8808,Call For Price,1 week ago
fujairah,i,188,"AED 215,000",1 week ago
umm-al-quwain,f,6000,"AED 165,000",1 week ago
sharjah,3,55519,"AED 15,500",1 week ago
dubai,x,14611,"AED 8,000",4 days ago
sharjah,3,8378,"AED 18,500",1 week ago
dubai,o,4124,Call For Price,1 day ago
dubai,f,56333,"AED 25,000",1 week ago
dubai,v,9419,"AED 29,000",2 days ago
dubai,l,23032,"AED 19,000",2 days ago
dubai,h,20820,"AED 17,500",2 days ago
dubai,g,19319,"AED 10,000",2 days ago
dubai,u,14419,"AED 7,500",2 days ago
dubai,b,91484,"AED 4,000",2 days ago
dubai,b,31873,"AED 4,000",2 days ago
dubai,b,74565,"AED 4,000",2 days ago
dubai,b,82925,"AED 4,000",2 days ago
dubai,b,74594,"AED 4,000",2 days ago
dubai,c,53955,"AED 6,000",2 days ago
dubai,d,98709,"AED 5,500",2 days ago
dubai,e,43348,"AED 7,500",2 days ago
dubai,x,13118,"AED 9,000",2 days ago
dubai,l,30121,"AED 5,000",2 days ago
dubai,g,27234,"AED 4,500",2 days ago
dubai,r,62995,"AED 2,500",2 days ago
dubai,o,84717,"AED 3,000",2 days ago
dubai,x,98675,"AED 7,000",2 days ago
dubai,e,98756,"AED 7,500",2 days ago
dubai,z,90048,"AED 7,000",2 days ago
dubai,b,16196,"AED 12,000",2 days ago
dubai,u,4880,"AED 50,000",2 days ago
dubai,a,20061,"AED 25,000",2 days ago
dubai,w,12353,"AED 9,000",2 days ago
dubai,x,75765,"AED 6,500",2 days ago
dubai,aa,32253,"AED 10,000",2 days ago
dubai,v,94800,"AED 15,000",2 days ago
dubai,cc,18101,"AED 12,000",2 days ago
dubai,c,30170,"AED 7,000",2 days ago
dubai,x,12393,"AED 13,000",2 days ago
dubai,aa,38330,"AED 18,000",2 days ago
dubai,r,10907,"AED 10,500",2 days ago
dubai,d,5612,"AED 25,000",1 week ago
fujairah,s,4503,Call For Price,6 days ago
dubai,p,52626,"AED 23,000",8 hours ago
dubai,s,8156,"AED 24,000",1 week ago
dubai,b,49303,"AED 5,500",1 day ago
sharjah,3,68600,"AED 13,000",5 days ago
sharjah,3,41014,Call For Price,1 week ago
ajman,b,98955,"AED 3,000",23 hours ago
dubai,cc,98586,"AED 3,200",1 week ago
dubai,v,78978,"AED 12,000",2 days ago
dubai,f,48804,"AED 20,000",2 days ago
dubai,bb,11619,"AED 14,000",2 days ago
dubai,u,34311,"AED 7,500",2 days ago
dubai,j,86086,"AED 20,000",2 days ago
dubai,d,70177,"AED 17,000",2 days ago
dubai,k,12023,"AED 12,000",2 days ago
dubai,t,56668,Price hidden,2 days ago
ras-al-khaimah,y,1078,Price hidden,2 days ago
dubai,f,36569,"AED 2,700",2 days ago
dubai,b,95698,"AED 2,800",2 days ago
dubai,cc,36166,Price hidden,2 days ago
ras-al-khaimah,y,1335,"AED 14,500",2 days ago
ras-al-khaimah,c,6433,Call For Price,2 days ago
ajman,k,131,"AED 285,000",2 days ago
dubai,bb,3003,"AED 310,000",2 days ago
abu-dhabi,6,2202,"AED 220,000",2 days ago
abu-dhabi,17,60999,"AED 69,500",2 days ago
ras-al-khaimah,c,3112,"AED 18,000",2 days ago
ras-al-khaimah,v,3770,"AED 16,000",2 days ago
dubai,r,10907,"AED 10,500",2 days ago
abu-dhabi,17,88788,"AED 119,000",2 days ago
fujairah,b,851,"AED 95,000",2 days ago
umm-al-quwain,n,10001,Call For Price,2 days ago
dubai,m,39391,Price hidden,2 days ago
dubai,f,39391,"AED 9,500",2 days ago
dubai,e,58787,"AED 7,700",2 days ago
dubai,j,30530,"AED 17,500",2 days ago
dubai,b,7714,"AED 59,000",2 days ago
dubai,cc,11713,"AED 9,900",2 days ago
dubai,b,44390,"AED 4,500",2 days ago
dubai,r,88877,Price hidden,2 days ago
sharjah,3,81880,"AED 15,000",1 week ago
sharjah,3,9499,"AED 95,000",5 days ago
dubai,n,50055,"AED 60,000",1 week ago
ras-al-khaimah,c,30010,"AED 15,000",1 week ago
sharjah,3,55858,Price hidden,1 week ago
dubai,s,9898,"AED 215,000",1 week ago
sharjah,3,2315,"AED 15,500",5 days ago
ajman,b,3210,"AED 30,000",1 week ago
dubai,a,91333,"AED 58,000",6 days ago
dubai,k,6827,Price hidden,2 days ago
dubai,b,99583,"AED 4,500",2 days ago
dubai,h,97693,"AED 2,800",2 days ago
dubai,d,9085,Price hidden,2 days ago
dubai,d,22962,"AED 6,000",2 days ago
abu-dhabi,19,89090,Price hidden,3 days ago
dubai,s,60604,"AED 27,900",3 days ago
dubai,w,27202,Price hidden,3 days ago
ras-al-khaimah,x,35000,"AED 47,000",3 days ago
fujairah,e,6003,"AED 24,000",3 days ago
dubai,l,15333,"AED 27,000",3 days ago
dubai,x,64654,"AED 6,500",3 days ago
dubai,y,40032,"AED 10,000",3 days ago
dubai,x,91149,"AED 16,000",3 days ago
dubai,cc,12361,"AED 12,000",3 days ago
dubai,aa,31811,"AED 20,000",3 days ago
dubai,u,1242,"AED 50,000",3 days ago
dubai,r,10230,"AED 20,000",3 days ago
dubai,l,10340,"AED 5,500",3 days ago
dubai,z,35008,"AED 6,500",3 days ago
dubai,bb,43050,"AED 7,000",3 days ago
dubai,g,12102,"AED 18,000",3 days ago
dubai,t,69988,"AED 18,000",3 days ago
dubai,s,32321,"AED 18,000",3 days ago
dubai,a,42934,"AED 7,500",3 days ago
dubai,aa,10098,"AED 20,000",3 days ago
dubai,p,66096,"AED 14,000",3 days ago
dubai,e,22077,"AED 22,000",3 days ago
dubai,v,23132,"AED 18,000",3 days ago
dubai,z,90056,"AED 7,000",3 days ago
dubai,g,6032,"AED 27,000",3 days ago
sharjah,3,7717,"AED 120,000",5 days ago
dubai,d,55585,"AED 115,000",2 days ago
umm-al-quwain,n,10001,Call For Price,2 days ago
umm-al-quwain,k,1188,"AED 45,000",1 week ago
dubai,e,6715,"AED 35,000",3 days ago
dubai,c,10241,"AED 12,000",5 days ago
fujairah,d,88889,"AED 55,000",5 days ago
dubai,n,45611,Call For Price,1 week ago
umm-al-quwain,f,6000,"AED 165,000",1 week ago
abu-dhabi,15,4300,"AED 160,000",3 days ago
dubai,o,12326,"AED 9,000",3 days ago
dubai,z,20228,"AED 8,900",3 days ago
dubai,j,30339,"AED 7,500",3 days ago
dubai,q,27002,"AED 19,000",3 days ago
dubai,s,76010,"AED 5,300",3 days ago
sharjah,3,2517,"AED 15,000",3 days ago
sharjah,3,22274,"AED 15,000",3 days ago
dubai,g,33623,"AED 4,600",3 days ago
dubai,w,66708,"AED 15,500",3 days ago
dubai,x,94429,"AED 4,600",3 days ago
dubai,v,38588,"AED 4,600",3 days ago
dubai,e,6503,"AED 24,500",3 days ago
dubai,v,6645,"AED 33,500",3 days ago
ras-al-khaimah,m,2271,Price hidden,3 days ago
ras-al-khaimah,b,66613,"AED 14,000",3 days ago
umm-al-quwain,b,5432,"AED 29,000",3 days ago
ras-al-khaimah,i,98769,"AED 8,000",3 days ago
fujairah,h,78910,"AED 22,000",3 days ago
fujairah,j,78910,"AED 22,000",3 days ago
fujairah,i,78910,"AED 22,000",3 days ago
fujairah,k,78910,"AED 22,000",3 days ago
fujairah,e,43210,"AED 25,000",3 days ago
ajman,e,884,"AED 149,000",3 days ago
ras-al-khaimah,s,904,Call For Price,3 days ago
dubai,v,4012,"AED 29,000",3 days ago
sharjah,3,8140,"AED 17,900",3 days ago
fujairah,c,1133,"AED 39,900",3 days ago
sharjah,3,7140,"AED 17,900",3 days ago
dubai,v,70066,"AED 21,500",3 days ago
dubai,i,46641,"AED 9,900",3 days ago
dubai,m,99518,"AED 15,000",1 week ago
abu-dhabi,5,10009,"AED 169,000",4 days ago
umm-al-quwain,b,11444,"AED 30,000",1 week ago
sharjah,3,35005,"AED 14,000",5 days ago
sharjah,3,21220,"AED 15,000",5 days ago
dubai,d,7774,"AED 299,999",1 day ago
dubai,q,4220,"AED 45,000",5 days ago
ras-al-khaimah,b,3911,"AED 50,000",1 week ago
fujairah,i,8086,"AED 19,000",1 week ago
dubai,w,54312,"AED 7,000",1 week ago
dubai,i,25355,"AED 7,000",3 days ago
dubai,j,20091,"AED 8,500",3 days ago
umm-al-quwain,b,2389,"AED 10,000",3 days ago
dubai,q,66544,"AED 18,700",3 days ago
dubai,l,66544,"AED 18,700",3 days ago
dubai,u,66544,"AED 18,700",3 days ago
dubai,i,11126,"AED 34,900",3 days ago
dubai,u,89098,"AED 22,500",3 days ago
dubai,p,63036,"AED 22,500",3 days ago
dubai,u,63036,"AED 22,500",3 days ago
dubai,e,76067,"AED 22,500",3 days ago
dubai,s,8401,"AED 24,900",3 days ago
dubai,v,5801,"AED 24,900",3 days ago
dubai,h,5037,"AED 24,900",3 days ago
dubai,d,6408,"AED 26,900",3 days ago
dubai,m,9208,"AED 27,900",3 days ago
dubai,t,1387,"AED 25,900",3 days ago
dubai,v,7053,"AED 24,500",3 days ago
dubai,c,42242,"AED 44,900",3 days ago
dubai,r,4931,"AED 22,500",3 days ago
dubai,v,7083,"AED 24,500",3 days ago
dubai,b,90576,"AED 3,300",3 days ago
dubai,a,26234,"AED 14,000",3 days ago
dubai,j,30343,"AED 7,500",3 days ago
dubai,j,30363,"AED 6,900",3 days ago
ajman,c,1505,"AED 18,500",3 days ago
ras-al-khaimah,n,214,Call For Price,3 days ago
ras-al-khaimah,v,61111,"AED 85,000",3 days ago
dubai,i,9582,Price hidden,3 days ago
dubai,r,6063,Price hidden,3 days ago
dubai,m,5711,Price hidden,3 days ago
dubai,x,53543,"AED 6,500",3 days ago
fujairah,c,21000,"AED 55,000",6 days ago
ras-al-khaimah,b,8666,"AED 45,000",6 days ago
ras-al-khaimah,x,69616,Call For Price,5 days ago
ajman,d,9309,"AED 12,000",1 week ago
dubai,b,4868,"AED 80,000",3 days ago
dubai,b,76514,"AED 19,000",1 week ago
fujairah,i,8808,Call For Price,1 week ago
sharjah,3,66624,"AED 16,500",5 days ago
ajman,k,66090,"AED 12,000",1 hour ago
